--
-- PostgreSQL database dump
--

-- Dumped from database version 12.19 (Debian 12.19-1.pgdg120+1)
-- Dumped by pg_dump version 12.19 (Debian 12.19-1.pgdg120+1)

SET statement_timeout = 0;
SET lock_timeout = 0;
SET idle_in_transaction_session_timeout = 0;
SET client_encoding = 'UTF8';
SET standard_conforming_strings = on;
SELECT pg_catalog.set_config('search_path', '', false);
SET check_function_bodies = false;
SET xmloption = content;
SET client_min_messages = warning;
SET row_security = off;

--
-- Name: uuid-ossp; Type: EXTENSION; Schema: -; Owner: -
--

CREATE EXTENSION IF NOT EXISTS "uuid-ossp" WITH SCHEMA public;


--
-- Name: EXTENSION "uuid-ossp"; Type: COMMENT; Schema: -; Owner: 
--

COMMENT ON EXTENSION "uuid-ossp" IS 'generate universally unique identifiers (UUIDs)';


SET default_tablespace = '';

SET default_table_access_method = heap;

--
-- Name: adonis_schema; Type: TABLE; Schema: public; Owner: postgres
--

CREATE TABLE public.adonis_schema (
    id integer NOT NULL,
    name character varying(255) NOT NULL,
    batch integer NOT NULL,
    migration_time timestamp with time zone DEFAULT CURRENT_TIMESTAMP
);


ALTER TABLE public.adonis_schema OWNER TO postgres;

--
-- Name: adonis_schema_id_seq; Type: SEQUENCE; Schema: public; Owner: postgres
--

CREATE SEQUENCE public.adonis_schema_id_seq
    AS integer
    START WITH 1
    INCREMENT BY 1
    NO MINVALUE
    NO MAXVALUE
    CACHE 1;


ALTER TABLE public.adonis_schema_id_seq OWNER TO postgres;

--
-- Name: adonis_schema_id_seq; Type: SEQUENCE OWNED BY; Schema: public; Owner: postgres
--

ALTER SEQUENCE public.adonis_schema_id_seq OWNED BY public.adonis_schema.id;


--
-- Name: adonis_schema_versions; Type: TABLE; Schema: public; Owner: postgres
--

CREATE TABLE public.adonis_schema_versions (
    version integer NOT NULL
);


ALTER TABLE public.adonis_schema_versions OWNER TO postgres;

--
-- Name: cart_products; Type: TABLE; Schema: public; Owner: postgres
--

CREATE TABLE public.cart_products (
    id integer NOT NULL,
    cart_id integer,
    product_id integer,
    created_at timestamp with time zone DEFAULT CURRENT_TIMESTAMP NOT NULL,
    updated_at timestamp with time zone DEFAULT CURRENT_TIMESTAMP NOT NULL,
    quantity integer DEFAULT 1 NOT NULL
);


ALTER TABLE public.cart_products OWNER TO postgres;

--
-- Name: cart_products_id_seq; Type: SEQUENCE; Schema: public; Owner: postgres
--

CREATE SEQUENCE public.cart_products_id_seq
    AS integer
    START WITH 1
    INCREMENT BY 1
    NO MINVALUE
    NO MAXVALUE
    CACHE 1;


ALTER TABLE public.cart_products_id_seq OWNER TO postgres;

--
-- Name: cart_products_id_seq; Type: SEQUENCE OWNED BY; Schema: public; Owner: postgres
--

ALTER SEQUENCE public.cart_products_id_seq OWNED BY public.cart_products.id;


--
-- Name: carts; Type: TABLE; Schema: public; Owner: postgres
--

CREATE TABLE public.carts (
    id integer NOT NULL,
    user_id integer,
    total_price numeric(12,2) DEFAULT '0'::numeric,
    is_deleted boolean DEFAULT false,
    created_at timestamp with time zone DEFAULT CURRENT_TIMESTAMP,
    updated_at timestamp with time zone DEFAULT CURRENT_TIMESTAMP
);


ALTER TABLE public.carts OWNER TO postgres;

--
-- Name: carts_id_seq; Type: SEQUENCE; Schema: public; Owner: postgres
--

CREATE SEQUENCE public.carts_id_seq
    AS integer
    START WITH 1
    INCREMENT BY 1
    NO MINVALUE
    NO MAXVALUE
    CACHE 1;


ALTER TABLE public.carts_id_seq OWNER TO postgres;

--
-- Name: carts_id_seq; Type: SEQUENCE OWNED BY; Schema: public; Owner: postgres
--

ALTER SEQUENCE public.carts_id_seq OWNED BY public.carts.id;


--
-- Name: categories; Type: TABLE; Schema: public; Owner: postgres
--

CREATE TABLE public.categories (
    id integer NOT NULL,
    name character varying(80) NOT NULL,
    is_deleted boolean DEFAULT false,
    created_at timestamp with time zone,
    updated_at timestamp with time zone
);


ALTER TABLE public.categories OWNER TO postgres;

--
-- Name: categories_id_seq; Type: SEQUENCE; Schema: public; Owner: postgres
--

CREATE SEQUENCE public.categories_id_seq
    AS integer
    START WITH 1
    INCREMENT BY 1
    NO MINVALUE
    NO MAXVALUE
    CACHE 1;


ALTER TABLE public.categories_id_seq OWNER TO postgres;

--
-- Name: categories_id_seq; Type: SEQUENCE OWNED BY; Schema: public; Owner: postgres
--

ALTER SEQUENCE public.categories_id_seq OWNED BY public.categories.id;


--
-- Name: collections; Type: TABLE; Schema: public; Owner: postgres
--

CREATE TABLE public.collections (
    id integer NOT NULL,
    name character varying(255) NOT NULL,
    floor_price real DEFAULT '0'::real NOT NULL,
    description text NOT NULL,
    total_volume real DEFAULT '0'::real NOT NULL,
    profile_id integer NOT NULL,
    category_id integer,
    image_url character varying(255) DEFAULT ''::character varying NOT NULL,
    banner_url character varying(255) DEFAULT ''::character varying NOT NULL,
    is_deleted boolean DEFAULT false,
    created_at timestamp with time zone,
    updated_at timestamp with time zone,
    created_by_user_id integer
);


ALTER TABLE public.collections OWNER TO postgres;

--
-- Name: collections_id_seq; Type: SEQUENCE; Schema: public; Owner: postgres
--

CREATE SEQUENCE public.collections_id_seq
    AS integer
    START WITH 1
    INCREMENT BY 1
    NO MINVALUE
    NO MAXVALUE
    CACHE 1;


ALTER TABLE public.collections_id_seq OWNER TO postgres;

--
-- Name: collections_id_seq; Type: SEQUENCE OWNED BY; Schema: public; Owner: postgres
--

ALTER SEQUENCE public.collections_id_seq OWNED BY public.collections.id;


--
-- Name: order_details; Type: TABLE; Schema: public; Owner: postgres
--

CREATE TABLE public.order_details (
    id integer NOT NULL,
    order_id integer,
    product_id integer,
    number_product integer NOT NULL,
    price real NOT NULL,
    is_deleted boolean DEFAULT false,
    created_at timestamp with time zone,
    updated_at timestamp with time zone
);


ALTER TABLE public.order_details OWNER TO postgres;

--
-- Name: order_details_id_seq; Type: SEQUENCE; Schema: public; Owner: postgres
--

CREATE SEQUENCE public.order_details_id_seq
    AS integer
    START WITH 1
    INCREMENT BY 1
    NO MINVALUE
    NO MAXVALUE
    CACHE 1;


ALTER TABLE public.order_details_id_seq OWNER TO postgres;

--
-- Name: order_details_id_seq; Type: SEQUENCE OWNED BY; Schema: public; Owner: postgres
--

ALTER SEQUENCE public.order_details_id_seq OWNED BY public.order_details.id;


--
-- Name: orders; Type: TABLE; Schema: public; Owner: postgres
--

CREATE TABLE public.orders (
    id integer NOT NULL,
    user_id integer,
    description text NOT NULL,
    payment_method character varying(255) NOT NULL,
    total_price real NOT NULL,
    is_deleted boolean DEFAULT false,
    created_at timestamp with time zone,
    updated_at timestamp with time zone
);


ALTER TABLE public.orders OWNER TO postgres;

--
-- Name: orders_id_seq; Type: SEQUENCE; Schema: public; Owner: postgres
--

CREATE SEQUENCE public.orders_id_seq
    AS integer
    START WITH 1
    INCREMENT BY 1
    NO MINVALUE
    NO MAXVALUE
    CACHE 1;


ALTER TABLE public.orders_id_seq OWNER TO postgres;

--
-- Name: orders_id_seq; Type: SEQUENCE OWNED BY; Schema: public; Owner: postgres
--

ALTER SEQUENCE public.orders_id_seq OWNED BY public.orders.id;


--
-- Name: products; Type: TABLE; Schema: public; Owner: postgres
--

CREATE TABLE public.products (
    id integer NOT NULL,
    name character varying(255) NOT NULL,
    description text NOT NULL,
    price real NOT NULL,
    quantity integer NOT NULL,
    collection_id integer,
    image_url character varying(255) DEFAULT ''::character varying NOT NULL,
    is_deleted boolean DEFAULT false,
    created_at timestamp with time zone,
    updated_at timestamp with time zone,
    owner_by_user_id integer DEFAULT 1
);


ALTER TABLE public.products OWNER TO postgres;

--
-- Name: products_id_seq; Type: SEQUENCE; Schema: public; Owner: postgres
--

CREATE SEQUENCE public.products_id_seq
    AS integer
    START WITH 1
    INCREMENT BY 1
    NO MINVALUE
    NO MAXVALUE
    CACHE 1;


ALTER TABLE public.products_id_seq OWNER TO postgres;

--
-- Name: products_id_seq; Type: SEQUENCE OWNED BY; Schema: public; Owner: postgres
--

ALTER SEQUENCE public.products_id_seq OWNED BY public.products.id;


--
-- Name: profiles; Type: TABLE; Schema: public; Owner: postgres
--

CREATE TABLE public.profiles (
    id integer NOT NULL,
    user_id integer,
    username character varying(80) NOT NULL,
    avatar_url character varying(255) DEFAULT 'https://images.pexels.com/photos/45201/kitty-cat-kitten-pet-45201.jpeg'::character varying,
    banner_url character varying(255),
    bio character varying(255),
    is_deleted boolean DEFAULT false,
    created_at timestamp with time zone,
    updated_at timestamp with time zone
);


ALTER TABLE public.profiles OWNER TO postgres;

--
-- Name: profiles_id_seq; Type: SEQUENCE; Schema: public; Owner: postgres
--

CREATE SEQUENCE public.profiles_id_seq
    AS integer
    START WITH 1
    INCREMENT BY 1
    NO MINVALUE
    NO MAXVALUE
    CACHE 1;


ALTER TABLE public.profiles_id_seq OWNER TO postgres;

--
-- Name: profiles_id_seq; Type: SEQUENCE OWNED BY; Schema: public; Owner: postgres
--

ALTER SEQUENCE public.profiles_id_seq OWNED BY public.profiles.id;


--
-- Name: users; Type: TABLE; Schema: public; Owner: postgres
--

CREATE TABLE public.users (
    id integer NOT NULL,
    email character varying(255) NOT NULL,
    wallet_balance numeric(10,2) DEFAULT '0'::numeric NOT NULL,
    refresh_token character varying(255),
    is_deleted boolean DEFAULT false,
    created_at timestamp with time zone,
    updated_at timestamp with time zone
);


ALTER TABLE public.users OWNER TO postgres;

--
-- Name: users_id_seq; Type: SEQUENCE; Schema: public; Owner: postgres
--

CREATE SEQUENCE public.users_id_seq
    AS integer
    START WITH 1
    INCREMENT BY 1
    NO MINVALUE
    NO MAXVALUE
    CACHE 1;


ALTER TABLE public.users_id_seq OWNER TO postgres;

--
-- Name: users_id_seq; Type: SEQUENCE OWNED BY; Schema: public; Owner: postgres
--

ALTER SEQUENCE public.users_id_seq OWNED BY public.users.id;


--
-- Name: adonis_schema id; Type: DEFAULT; Schema: public; Owner: postgres
--

ALTER TABLE ONLY public.adonis_schema ALTER COLUMN id SET DEFAULT nextval('public.adonis_schema_id_seq'::regclass);


--
-- Name: cart_products id; Type: DEFAULT; Schema: public; Owner: postgres
--

ALTER TABLE ONLY public.cart_products ALTER COLUMN id SET DEFAULT nextval('public.cart_products_id_seq'::regclass);


--
-- Name: carts id; Type: DEFAULT; Schema: public; Owner: postgres
--

ALTER TABLE ONLY public.carts ALTER COLUMN id SET DEFAULT nextval('public.carts_id_seq'::regclass);


--
-- Name: categories id; Type: DEFAULT; Schema: public; Owner: postgres
--

ALTER TABLE ONLY public.categories ALTER COLUMN id SET DEFAULT nextval('public.categories_id_seq'::regclass);


--
-- Name: collections id; Type: DEFAULT; Schema: public; Owner: postgres
--

ALTER TABLE ONLY public.collections ALTER COLUMN id SET DEFAULT nextval('public.collections_id_seq'::regclass);


--
-- Name: order_details id; Type: DEFAULT; Schema: public; Owner: postgres
--

ALTER TABLE ONLY public.order_details ALTER COLUMN id SET DEFAULT nextval('public.order_details_id_seq'::regclass);


--
-- Name: orders id; Type: DEFAULT; Schema: public; Owner: postgres
--

ALTER TABLE ONLY public.orders ALTER COLUMN id SET DEFAULT nextval('public.orders_id_seq'::regclass);


--
-- Name: products id; Type: DEFAULT; Schema: public; Owner: postgres
--

ALTER TABLE ONLY public.products ALTER COLUMN id SET DEFAULT nextval('public.products_id_seq'::regclass);


--
-- Name: profiles id; Type: DEFAULT; Schema: public; Owner: postgres
--

ALTER TABLE ONLY public.profiles ALTER COLUMN id SET DEFAULT nextval('public.profiles_id_seq'::regclass);


--
-- Name: users id; Type: DEFAULT; Schema: public; Owner: postgres
--

ALTER TABLE ONLY public.users ALTER COLUMN id SET DEFAULT nextval('public.users_id_seq'::regclass);


--
-- Data for Name: adonis_schema; Type: TABLE DATA; Schema: public; Owner: postgres
--

COPY public.adonis_schema (id, name, batch, migration_time) FROM stdin;
233	database/migrations/1721638694337_create_add_column_quantity_cart_products_table	2	2024-07-22 08:58:40.984269+00
234	database/migrations/1721816832433_create_add_relation_users_products	3	2024-07-24 10:31:21.349365+00
237	database/migrations/1721209901350_create_alter_table_collections_table	4	2024-07-25 03:25:13.31857+00
224	database/migrations/1719997912459_create_users_table	1	2024-07-22 05:02:17.292308+00
225	database/migrations/1719999803385_create_profiles_table	1	2024-07-22 05:02:17.423482+00
226	database/migrations/1720000621419_create_categories_table	1	2024-07-22 05:02:17.453859+00
227	database/migrations/1720001089516_create_collections_table	1	2024-07-22 05:02:17.502966+00
228	database/migrations/1720003266374_create_products_table	1	2024-07-22 05:02:17.528334+00
229	database/migrations/1720003381543_create_orders_table	1	2024-07-22 05:02:17.55287+00
230	database/migrations/1720003573007_create_order_details_table	1	2024-07-22 05:02:17.575358+00
231	database/migrations/1721617195620_create_carts_table	1	2024-07-22 05:02:17.596929+00
232	database/migrations/1721622813800_create_cart_products_table	1	2024-07-22 05:02:17.615026+00
\.


--
-- Data for Name: adonis_schema_versions; Type: TABLE DATA; Schema: public; Owner: postgres
--

COPY public.adonis_schema_versions (version) FROM stdin;
2
\.


--
-- Data for Name: cart_products; Type: TABLE DATA; Schema: public; Owner: postgres
--

COPY public.cart_products (id, cart_id, product_id, created_at, updated_at, quantity) FROM stdin;
\.


--
-- Data for Name: carts; Type: TABLE DATA; Schema: public; Owner: postgres
--

COPY public.carts (id, user_id, total_price, is_deleted, created_at, updated_at) FROM stdin;
1	1	0.00	f	2024-07-22 05:02:38.575+00	2024-07-22 05:02:38.576+00
2	2	0.00	f	2024-07-22 05:02:49.478+00	2024-07-22 05:02:49.478+00
3	3	1706.00	f	2024-07-22 05:03:06.115+00	2024-07-22 05:03:06.115+00
\.


--
-- Data for Name: categories; Type: TABLE DATA; Schema: public; Owner: postgres
--

COPY public.categories (id, name, is_deleted, created_at, updated_at) FROM stdin;
1	art	f	2024-07-22 05:02:25.777+00	2024-07-22 05:02:25.777+00
2	gaming	f	2024-07-22 05:02:25.788+00	2024-07-22 05:02:25.788+00
3	memberships	f	2024-07-22 05:02:25.791+00	2024-07-22 05:02:25.791+00
4	PFPs	f	2024-07-22 05:02:25.795+00	2024-07-22 05:02:25.795+00
5	photography	f	2024-07-22 05:02:25.798+00	2024-07-22 05:02:25.799+00
6	music	f	2024-07-22 05:02:25.801+00	2024-07-22 05:02:25.801+00
\.


--
-- Data for Name: collections; Type: TABLE DATA; Schema: public; Owner: postgres
--

COPY public.collections (id, name, floor_price, description, total_volume, profile_id, category_id, image_url, banner_url, is_deleted, created_at, updated_at, created_by_user_id) FROM stdin;
1	cavus capio tergo	0	Curatio iusto defessus volup.	0	2	5	https://i.seadn.io/s/raw/files/572cdff4974eb0952fd2a22ee6c57014.jpg?auto=format&dpr=1&w=384	https://i.seadn.io/s/primary-drops/0x6c6b9a46ccf6168a10b1f1a85cb19314659d87a6/27640784:about:media:f8a29073-0b7b-45be-b0af-e9ef0e0a380c.jpeg?auto=format&dpr=1&w=1920	f	2024-07-22 05:03:54.088+00	2024-07-22 05:03:54.088+00	\N
2	admitto sponte illo	0	Curo apud attero adulatio ars sponte.	0	2	3	https://i.seadn.io/s/raw/files/572cdff4974eb0952fd2a22ee6c57014.jpg?auto=format&dpr=1&w=384	https://i.seadn.io/s/primary-drops/0x6c6b9a46ccf6168a10b1f1a85cb19314659d87a6/27640784:about:media:f8a29073-0b7b-45be-b0af-e9ef0e0a380c.jpeg?auto=format&dpr=1&w=1920	f	2024-07-22 05:03:54.098+00	2024-07-22 05:03:54.098+00	\N
3	ratione crustulum aegrus	0	Vesco depono chirographum statua armarium auctus thermae reprehenderit.	0	2	3	https://i.seadn.io/s/raw/files/572cdff4974eb0952fd2a22ee6c57014.jpg?auto=format&dpr=1&w=384	https://i.seadn.io/s/primary-drops/0x6c6b9a46ccf6168a10b1f1a85cb19314659d87a6/27640784:about:media:f8a29073-0b7b-45be-b0af-e9ef0e0a380c.jpeg?auto=format&dpr=1&w=1920	f	2024-07-22 05:03:54.102+00	2024-07-22 05:03:54.102+00	\N
20	peior corrupti id	41	Sordeo aro curis suscipio bestia.	9461	3	2	https://i.seadn.io/s/raw/files/572cdff4974eb0952fd2a22ee6c57014.jpg?auto=format&dpr=1&w=384	https://i.seadn.io/s/primary-drops/0x6c6b9a46ccf6168a10b1f1a85cb19314659d87a6/27640784:about:media:f8a29073-0b7b-45be-b0af-e9ef0e0a380c.jpeg?auto=format&dpr=1&w=1920	f	2024-07-22 05:03:54.143+00	2024-07-22 06:47:13.93+00	1
9	adaugeo deficio patior	118	Absens tui aduro vergo ullus suspendo.	10634	2	3	https://i.seadn.io/s/raw/files/572cdff4974eb0952fd2a22ee6c57014.jpg?auto=format&dpr=1&w=384	https://i.seadn.io/s/primary-drops/0x6c6b9a46ccf6168a10b1f1a85cb19314659d87a6/27640784:about:media:f8a29073-0b7b-45be-b0af-e9ef0e0a380c.jpeg?auto=format&dpr=1&w=1920	f	2024-07-22 05:03:54.118+00	2024-07-22 06:47:13.799+00	1
107	121	123	123123	123	3	1	https://res.cloudinary.com/double2t/image/upload/v1721903227/test/upbagwxgen6szyeyknds.jpg	https://res.cloudinary.com/double2t/image/upload/v1721903228/test/tkmskudqwlxy0lxxpdx8.jpg	f	2024-07-25 10:27:08.616+00	2024-07-25 10:27:08.616+00	3
7	studio compello tot	38	Arguo doloribus veritatis libero abscido.	9033	2	5	https://i.seadn.io/s/raw/files/572cdff4974eb0952fd2a22ee6c57014.jpg?auto=format&dpr=1&w=384	https://i.seadn.io/s/primary-drops/0x6c6b9a46ccf6168a10b1f1a85cb19314659d87a6/27640784:about:media:f8a29073-0b7b-45be-b0af-e9ef0e0a380c.jpeg?auto=format&dpr=1&w=1920	f	2024-07-22 05:03:54.112+00	2024-07-22 06:47:13.947+00	\N
18	defessus conforto sui	118	Ustilo cresco astrum certe tantum adhuc callide cras creptio.	11793	2	2	https://i.seadn.io/s/raw/files/572cdff4974eb0952fd2a22ee6c57014.jpg?auto=format&dpr=1&w=384	https://i.seadn.io/s/primary-drops/0x6c6b9a46ccf6168a10b1f1a85cb19314659d87a6/27640784:about:media:f8a29073-0b7b-45be-b0af-e9ef0e0a380c.jpeg?auto=format&dpr=1&w=1920	f	2024-07-22 05:03:54.139+00	2024-07-22 06:47:13.847+00	\N
17	attero comminor cuius	214	Currus custodia conventus aegre decerno crinis color earum conicio.	12766	2	2	https://i.seadn.io/s/raw/files/572cdff4974eb0952fd2a22ee6c57014.jpg?auto=format&dpr=1&w=384	https://i.seadn.io/s/primary-drops/0x6c6b9a46ccf6168a10b1f1a85cb19314659d87a6/27640784:about:media:f8a29073-0b7b-45be-b0af-e9ef0e0a380c.jpeg?auto=format&dpr=1&w=1920	f	2024-07-22 05:03:54.137+00	2024-07-22 06:47:13.893+00	\N
10	certus tardus adduco	13	Soluta uterque valeo adipiscor aro necessitatibus coniecto peccatus.	10235	3	2	https://i.seadn.io/s/raw/files/572cdff4974eb0952fd2a22ee6c57014.jpg?auto=format&dpr=1&w=384	https://i.seadn.io/s/primary-drops/0x6c6b9a46ccf6168a10b1f1a85cb19314659d87a6/27640784:about:media:f8a29073-0b7b-45be-b0af-e9ef0e0a380c.jpeg?auto=format&dpr=1&w=1920	f	2024-07-22 05:03:54.121+00	2024-07-22 06:47:13.819+00	\N
15	deprimo et clarus	42	Soleo amor deleniti averto delicate solum arcesso thalassinus arbor terror.	8624	2	1	https://i.seadn.io/s/raw/files/572cdff4974eb0952fd2a22ee6c57014.jpg?auto=format&dpr=1&w=384	https://i.seadn.io/s/primary-drops/0x6c6b9a46ccf6168a10b1f1a85cb19314659d87a6/27640784:about:media:f8a29073-0b7b-45be-b0af-e9ef0e0a380c.jpeg?auto=format&dpr=1&w=1920	f	2024-07-22 05:03:54.132+00	2024-07-22 06:47:13.611+00	\N
108	121123123	123	123213	123	2	1	https://res.cloudinary.com/double2t/image/upload/v1721904395/test/t6u6drxobedl1iujfcjz.jpg	https://res.cloudinary.com/double2t/image/upload/v1721904396/test/hc1085jty69jjq07hdou.jpg	f	2024-07-25 10:46:36.18+00	2024-07-25 10:46:36.18+00	2
109	Quyet bui	123	123	123	3	2	https://res.cloudinary.com/double2t/image/upload/v1721904475/test/m2meqdy9ao2osztka41t.png	https://res.cloudinary.com/double2t/image/upload/v1721904476/test/qfaxlfydqo0etvd5shrn.jpg	f	2024-07-25 10:47:57.102+00	2024-07-25 10:47:57.102+00	3
24	coma possimus curso	0	Candidus cogo cotidie.	0	2	5	https://i.seadn.io/s/raw/files/572cdff4974eb0952fd2a22ee6c57014.jpg?auto=format&dpr=1&w=384	https://i.seadn.io/s/primary-drops/0x6c6b9a46ccf6168a10b1f1a85cb19314659d87a6/27640784:about:media:f8a29073-0b7b-45be-b0af-e9ef0e0a380c.jpeg?auto=format&dpr=1&w=1920	f	2024-07-22 05:03:54.151+00	2024-07-22 05:03:54.151+00	\N
25	surgo possimus cohaero	0	Caecus tabernus vulticulus verumtamen adfectus thermae.	0	3	2	https://i.seadn.io/s/raw/files/572cdff4974eb0952fd2a22ee6c57014.jpg?auto=format&dpr=1&w=384	https://i.seadn.io/s/primary-drops/0x6c6b9a46ccf6168a10b1f1a85cb19314659d87a6/27640784:about:media:f8a29073-0b7b-45be-b0af-e9ef0e0a380c.jpeg?auto=format&dpr=1&w=1920	f	2024-07-22 05:03:54.153+00	2024-07-22 05:03:54.153+00	\N
26	adamo alius conicio	0	Alter depono ascisco natus amplus amoveo corrigo.	0	1	4	https://i.seadn.io/s/raw/files/572cdff4974eb0952fd2a22ee6c57014.jpg?auto=format&dpr=1&w=384	https://i.seadn.io/s/primary-drops/0x6c6b9a46ccf6168a10b1f1a85cb19314659d87a6/27640784:about:media:f8a29073-0b7b-45be-b0af-e9ef0e0a380c.jpeg?auto=format&dpr=1&w=1920	f	2024-07-22 05:03:54.155+00	2024-07-22 05:03:54.155+00	\N
27	depromo quaerat sollicito	0	Undique cohibeo utilis ter conicio suscipit pax voluptates agnosco adnuo.	0	1	5	https://i.seadn.io/s/raw/files/572cdff4974eb0952fd2a22ee6c57014.jpg?auto=format&dpr=1&w=384	https://i.seadn.io/s/primary-drops/0x6c6b9a46ccf6168a10b1f1a85cb19314659d87a6/27640784:about:media:f8a29073-0b7b-45be-b0af-e9ef0e0a380c.jpeg?auto=format&dpr=1&w=1920	f	2024-07-22 05:03:54.157+00	2024-07-22 05:03:54.157+00	\N
28	aliquid suscipio tres	0	Sortitus asperiores curia.	0	3	6	https://i.seadn.io/s/raw/files/572cdff4974eb0952fd2a22ee6c57014.jpg?auto=format&dpr=1&w=384	https://i.seadn.io/s/primary-drops/0x6c6b9a46ccf6168a10b1f1a85cb19314659d87a6/27640784:about:media:f8a29073-0b7b-45be-b0af-e9ef0e0a380c.jpeg?auto=format&dpr=1&w=1920	f	2024-07-22 05:03:54.159+00	2024-07-22 05:03:54.159+00	\N
29	sequi trans curso	0	Aggero angelus validus paens anser numquam aperiam.	0	2	6	https://i.seadn.io/s/raw/files/572cdff4974eb0952fd2a22ee6c57014.jpg?auto=format&dpr=1&w=384	https://i.seadn.io/s/primary-drops/0x6c6b9a46ccf6168a10b1f1a85cb19314659d87a6/27640784:about:media:f8a29073-0b7b-45be-b0af-e9ef0e0a380c.jpeg?auto=format&dpr=1&w=1920	f	2024-07-22 05:03:54.162+00	2024-07-22 05:03:54.162+00	\N
30	cotidie alioqui vomer	0	Amissio cras conspergo cur sperno viscus blandior.	0	1	1	https://i.seadn.io/s/raw/files/572cdff4974eb0952fd2a22ee6c57014.jpg?auto=format&dpr=1&w=384	https://i.seadn.io/s/primary-drops/0x6c6b9a46ccf6168a10b1f1a85cb19314659d87a6/27640784:about:media:f8a29073-0b7b-45be-b0af-e9ef0e0a380c.jpeg?auto=format&dpr=1&w=1920	f	2024-07-22 05:03:54.164+00	2024-07-22 05:03:54.164+00	\N
31	censura torqueo cimentarius	0	Velit copiose terga super caput aspernatur.	0	3	6	https://i.seadn.io/s/raw/files/572cdff4974eb0952fd2a22ee6c57014.jpg?auto=format&dpr=1&w=384	https://i.seadn.io/s/primary-drops/0x6c6b9a46ccf6168a10b1f1a85cb19314659d87a6/27640784:about:media:f8a29073-0b7b-45be-b0af-e9ef0e0a380c.jpeg?auto=format&dpr=1&w=1920	f	2024-07-22 05:03:54.167+00	2024-07-22 05:03:54.167+00	\N
32	uter pax pecus	0	Congregatio pecto volutabrum voro aequitas.	0	1	1	https://i.seadn.io/s/raw/files/572cdff4974eb0952fd2a22ee6c57014.jpg?auto=format&dpr=1&w=384	https://i.seadn.io/s/primary-drops/0x6c6b9a46ccf6168a10b1f1a85cb19314659d87a6/27640784:about:media:f8a29073-0b7b-45be-b0af-e9ef0e0a380c.jpeg?auto=format&dpr=1&w=1920	f	2024-07-22 05:03:54.169+00	2024-07-22 05:03:54.169+00	\N
33	carbo crux commemoro	0	Tabula asperiores amoveo tepidus peior.	0	3	3	https://i.seadn.io/s/raw/files/572cdff4974eb0952fd2a22ee6c57014.jpg?auto=format&dpr=1&w=384	https://i.seadn.io/s/primary-drops/0x6c6b9a46ccf6168a10b1f1a85cb19314659d87a6/27640784:about:media:f8a29073-0b7b-45be-b0af-e9ef0e0a380c.jpeg?auto=format&dpr=1&w=1920	f	2024-07-22 05:03:54.171+00	2024-07-22 05:03:54.171+00	\N
34	trepide currus iusto	0	Collum tyrannus minima amiculum accusamus arguo inflammatio tabesco calco carus.	0	2	4	https://i.seadn.io/s/raw/files/572cdff4974eb0952fd2a22ee6c57014.jpg?auto=format&dpr=1&w=384	https://i.seadn.io/s/primary-drops/0x6c6b9a46ccf6168a10b1f1a85cb19314659d87a6/27640784:about:media:f8a29073-0b7b-45be-b0af-e9ef0e0a380c.jpeg?auto=format&dpr=1&w=1920	f	2024-07-22 05:03:54.173+00	2024-07-22 05:03:54.173+00	\N
35	celo est vir	0	Demitto ascit vitium adipiscor tutis cunabula.	0	1	2	https://i.seadn.io/s/raw/files/572cdff4974eb0952fd2a22ee6c57014.jpg?auto=format&dpr=1&w=384	https://i.seadn.io/s/primary-drops/0x6c6b9a46ccf6168a10b1f1a85cb19314659d87a6/27640784:about:media:f8a29073-0b7b-45be-b0af-e9ef0e0a380c.jpeg?auto=format&dpr=1&w=1920	f	2024-07-22 05:03:54.175+00	2024-07-22 05:03:54.175+00	\N
36	summisse cerno ipsum	0	Somnus vulpes alius capitulus succedo.	0	3	6	https://i.seadn.io/s/raw/files/572cdff4974eb0952fd2a22ee6c57014.jpg?auto=format&dpr=1&w=384	https://i.seadn.io/s/primary-drops/0x6c6b9a46ccf6168a10b1f1a85cb19314659d87a6/27640784:about:media:f8a29073-0b7b-45be-b0af-e9ef0e0a380c.jpeg?auto=format&dpr=1&w=1920	f	2024-07-22 05:03:54.177+00	2024-07-22 05:03:54.177+00	\N
37	architecto annus causa	0	Tutis impedit velut spero antepono capitulus aestivus conculco.	0	3	1	https://i.seadn.io/s/raw/files/572cdff4974eb0952fd2a22ee6c57014.jpg?auto=format&dpr=1&w=384	https://i.seadn.io/s/primary-drops/0x6c6b9a46ccf6168a10b1f1a85cb19314659d87a6/27640784:about:media:f8a29073-0b7b-45be-b0af-e9ef0e0a380c.jpeg?auto=format&dpr=1&w=1920	f	2024-07-22 05:03:54.179+00	2024-07-22 05:03:54.179+00	\N
38	subseco vitiosus vulgivagus	0	Super centum totam tempore aureus.	0	1	3	https://i.seadn.io/s/raw/files/572cdff4974eb0952fd2a22ee6c57014.jpg?auto=format&dpr=1&w=384	https://i.seadn.io/s/primary-drops/0x6c6b9a46ccf6168a10b1f1a85cb19314659d87a6/27640784:about:media:f8a29073-0b7b-45be-b0af-e9ef0e0a380c.jpeg?auto=format&dpr=1&w=1920	f	2024-07-22 05:03:54.18+00	2024-07-22 05:03:54.18+00	\N
39	deputo crastinus iste	0	Magnam cicuta tamen.	0	2	1	https://i.seadn.io/s/raw/files/572cdff4974eb0952fd2a22ee6c57014.jpg?auto=format&dpr=1&w=384	https://i.seadn.io/s/primary-drops/0x6c6b9a46ccf6168a10b1f1a85cb19314659d87a6/27640784:about:media:f8a29073-0b7b-45be-b0af-e9ef0e0a380c.jpeg?auto=format&dpr=1&w=1920	f	2024-07-22 05:03:54.182+00	2024-07-22 05:03:54.182+00	\N
40	abscido ratione aufero	0	Usitas sint vivo vaco caecus auctor.	0	2	4	https://i.seadn.io/s/raw/files/572cdff4974eb0952fd2a22ee6c57014.jpg?auto=format&dpr=1&w=384	https://i.seadn.io/s/primary-drops/0x6c6b9a46ccf6168a10b1f1a85cb19314659d87a6/27640784:about:media:f8a29073-0b7b-45be-b0af-e9ef0e0a380c.jpeg?auto=format&dpr=1&w=1920	f	2024-07-22 05:03:54.184+00	2024-07-22 05:03:54.184+00	\N
22	atqui conicio despecto	16	Ipsa collum amor.	9701	2	3	https://i.seadn.io/s/raw/files/572cdff4974eb0952fd2a22ee6c57014.jpg?auto=format&dpr=1&w=384	https://i.seadn.io/s/primary-drops/0x6c6b9a46ccf6168a10b1f1a85cb19314659d87a6/27640784:about:media:f8a29073-0b7b-45be-b0af-e9ef0e0a380c.jpeg?auto=format&dpr=1&w=1920	f	2024-07-22 05:03:54.147+00	2024-07-22 06:47:13.666+00	\N
41	aptus porro cur	0	Vulariter cresco decor synagoga.	0	3	6	https://i.seadn.io/s/raw/files/572cdff4974eb0952fd2a22ee6c57014.jpg?auto=format&dpr=1&w=384	https://i.seadn.io/s/primary-drops/0x6c6b9a46ccf6168a10b1f1a85cb19314659d87a6/27640784:about:media:f8a29073-0b7b-45be-b0af-e9ef0e0a380c.jpeg?auto=format&dpr=1&w=1920	f	2024-07-22 05:03:54.186+00	2024-07-22 05:03:54.186+00	\N
42	comparo sum optio	0	Combibo quae arcesso umerus minima soluta verecundia cetera praesentium.	0	2	6	https://i.seadn.io/s/raw/files/572cdff4974eb0952fd2a22ee6c57014.jpg?auto=format&dpr=1&w=384	https://i.seadn.io/s/primary-drops/0x6c6b9a46ccf6168a10b1f1a85cb19314659d87a6/27640784:about:media:f8a29073-0b7b-45be-b0af-e9ef0e0a380c.jpeg?auto=format&dpr=1&w=1920	f	2024-07-22 05:03:54.188+00	2024-07-22 05:03:54.188+00	\N
43	tactus natus somniculosus	0	Amoveo bellicus utrum talis.	0	1	6	https://i.seadn.io/s/raw/files/572cdff4974eb0952fd2a22ee6c57014.jpg?auto=format&dpr=1&w=384	https://i.seadn.io/s/primary-drops/0x6c6b9a46ccf6168a10b1f1a85cb19314659d87a6/27640784:about:media:f8a29073-0b7b-45be-b0af-e9ef0e0a380c.jpeg?auto=format&dpr=1&w=1920	f	2024-07-22 05:03:54.19+00	2024-07-22 05:03:54.191+00	\N
44	tenus tendo bardus	0	Cado victoria auditor argumentum acervus.	0	3	6	https://i.seadn.io/s/raw/files/572cdff4974eb0952fd2a22ee6c57014.jpg?auto=format&dpr=1&w=384	https://i.seadn.io/s/primary-drops/0x6c6b9a46ccf6168a10b1f1a85cb19314659d87a6/27640784:about:media:f8a29073-0b7b-45be-b0af-e9ef0e0a380c.jpeg?auto=format&dpr=1&w=1920	f	2024-07-22 05:03:54.195+00	2024-07-22 05:03:54.195+00	\N
45	bellum ultio damnatio	0	Thesaurus subnecto auditor eligendi adaugeo.	0	1	1	https://i.seadn.io/s/raw/files/572cdff4974eb0952fd2a22ee6c57014.jpg?auto=format&dpr=1&w=384	https://i.seadn.io/s/primary-drops/0x6c6b9a46ccf6168a10b1f1a85cb19314659d87a6/27640784:about:media:f8a29073-0b7b-45be-b0af-e9ef0e0a380c.jpeg?auto=format&dpr=1&w=1920	f	2024-07-22 05:03:54.197+00	2024-07-22 05:03:54.197+00	\N
46	beatus conturbo in	0	Conatus depereo coniecto vaco officia attollo.	0	1	1	https://i.seadn.io/s/raw/files/572cdff4974eb0952fd2a22ee6c57014.jpg?auto=format&dpr=1&w=384	https://i.seadn.io/s/primary-drops/0x6c6b9a46ccf6168a10b1f1a85cb19314659d87a6/27640784:about:media:f8a29073-0b7b-45be-b0af-e9ef0e0a380c.jpeg?auto=format&dpr=1&w=1920	f	2024-07-22 05:03:54.2+00	2024-07-22 05:03:54.2+00	\N
47	illum cursim autem	0	Vir nihil degenero vel clarus amplitudo condico esse architecto.	0	3	2	https://i.seadn.io/s/raw/files/572cdff4974eb0952fd2a22ee6c57014.jpg?auto=format&dpr=1&w=384	https://i.seadn.io/s/primary-drops/0x6c6b9a46ccf6168a10b1f1a85cb19314659d87a6/27640784:about:media:f8a29073-0b7b-45be-b0af-e9ef0e0a380c.jpeg?auto=format&dpr=1&w=1920	f	2024-07-22 05:03:54.203+00	2024-07-22 05:03:54.203+00	\N
48	tergeo crustulum amplexus	0	Volubilis distinctio animi incidunt.	0	1	4	https://i.seadn.io/s/raw/files/572cdff4974eb0952fd2a22ee6c57014.jpg?auto=format&dpr=1&w=384	https://i.seadn.io/s/primary-drops/0x6c6b9a46ccf6168a10b1f1a85cb19314659d87a6/27640784:about:media:f8a29073-0b7b-45be-b0af-e9ef0e0a380c.jpeg?auto=format&dpr=1&w=1920	f	2024-07-22 05:03:54.206+00	2024-07-22 05:03:54.206+00	\N
49	solitudo trepide abscido	0	Deripio stillicidium quia.	0	2	2	https://i.seadn.io/s/raw/files/572cdff4974eb0952fd2a22ee6c57014.jpg?auto=format&dpr=1&w=384	https://i.seadn.io/s/primary-drops/0x6c6b9a46ccf6168a10b1f1a85cb19314659d87a6/27640784:about:media:f8a29073-0b7b-45be-b0af-e9ef0e0a380c.jpeg?auto=format&dpr=1&w=1920	f	2024-07-22 05:03:54.208+00	2024-07-22 05:03:54.208+00	\N
50	trado terminatio voluptate	0	Cupiditate vado doloribus defaeco abbas aro.	0	3	5	https://i.seadn.io/s/raw/files/572cdff4974eb0952fd2a22ee6c57014.jpg?auto=format&dpr=1&w=384	https://i.seadn.io/s/primary-drops/0x6c6b9a46ccf6168a10b1f1a85cb19314659d87a6/27640784:about:media:f8a29073-0b7b-45be-b0af-e9ef0e0a380c.jpeg?auto=format&dpr=1&w=1920	f	2024-07-22 05:03:54.21+00	2024-07-22 05:03:54.21+00	\N
51	allatus omnis acerbitas	0	Casus ademptio denique viscus circumvenio decet tantum.	0	1	6	https://i.seadn.io/s/raw/files/572cdff4974eb0952fd2a22ee6c57014.jpg?auto=format&dpr=1&w=384	https://i.seadn.io/s/primary-drops/0x6c6b9a46ccf6168a10b1f1a85cb19314659d87a6/27640784:about:media:f8a29073-0b7b-45be-b0af-e9ef0e0a380c.jpeg?auto=format&dpr=1&w=1920	f	2024-07-22 05:03:54.212+00	2024-07-22 05:03:54.212+00	\N
52	tepidus tabula volva	0	Temptatio suffoco corona praesentium.	0	3	6	https://i.seadn.io/s/raw/files/572cdff4974eb0952fd2a22ee6c57014.jpg?auto=format&dpr=1&w=384	https://i.seadn.io/s/primary-drops/0x6c6b9a46ccf6168a10b1f1a85cb19314659d87a6/27640784:about:media:f8a29073-0b7b-45be-b0af-e9ef0e0a380c.jpeg?auto=format&dpr=1&w=1920	f	2024-07-22 05:03:54.214+00	2024-07-22 05:03:54.214+00	\N
53	speculum paulatim vulgivagus	0	Deserunt defendo utroque beatus corrigo.	0	1	5	https://i.seadn.io/s/raw/files/572cdff4974eb0952fd2a22ee6c57014.jpg?auto=format&dpr=1&w=384	https://i.seadn.io/s/primary-drops/0x6c6b9a46ccf6168a10b1f1a85cb19314659d87a6/27640784:about:media:f8a29073-0b7b-45be-b0af-e9ef0e0a380c.jpeg?auto=format&dpr=1&w=1920	f	2024-07-22 05:03:54.216+00	2024-07-22 05:03:54.216+00	\N
54	defleo utor itaque	0	Vulgo colligo antea soleo combibo viscus labore claudeo.	0	2	6	https://i.seadn.io/s/raw/files/572cdff4974eb0952fd2a22ee6c57014.jpg?auto=format&dpr=1&w=384	https://i.seadn.io/s/primary-drops/0x6c6b9a46ccf6168a10b1f1a85cb19314659d87a6/27640784:about:media:f8a29073-0b7b-45be-b0af-e9ef0e0a380c.jpeg?auto=format&dpr=1&w=1920	f	2024-07-22 05:03:54.219+00	2024-07-22 05:03:54.219+00	\N
55	voluptate demonstro barba	0	Deprimo adicio urbanus vitium.	0	1	2	https://i.seadn.io/s/raw/files/572cdff4974eb0952fd2a22ee6c57014.jpg?auto=format&dpr=1&w=384	https://i.seadn.io/s/primary-drops/0x6c6b9a46ccf6168a10b1f1a85cb19314659d87a6/27640784:about:media:f8a29073-0b7b-45be-b0af-e9ef0e0a380c.jpeg?auto=format&dpr=1&w=1920	f	2024-07-22 05:03:54.221+00	2024-07-22 05:03:54.221+00	\N
56	defessus crapula convoco	0	Thymbra solutio sollers ambulo tondeo.	0	3	5	https://i.seadn.io/s/raw/files/572cdff4974eb0952fd2a22ee6c57014.jpg?auto=format&dpr=1&w=384	https://i.seadn.io/s/primary-drops/0x6c6b9a46ccf6168a10b1f1a85cb19314659d87a6/27640784:about:media:f8a29073-0b7b-45be-b0af-e9ef0e0a380c.jpeg?auto=format&dpr=1&w=1920	f	2024-07-22 05:03:54.223+00	2024-07-22 05:03:54.223+00	\N
57	patrocinor solio trado	0	Deinde terror arto comptus consequatur rerum.	0	3	5	https://i.seadn.io/s/raw/files/572cdff4974eb0952fd2a22ee6c57014.jpg?auto=format&dpr=1&w=384	https://i.seadn.io/s/primary-drops/0x6c6b9a46ccf6168a10b1f1a85cb19314659d87a6/27640784:about:media:f8a29073-0b7b-45be-b0af-e9ef0e0a380c.jpeg?auto=format&dpr=1&w=1920	f	2024-07-22 05:03:54.225+00	2024-07-22 05:03:54.225+00	\N
58	adfectus usus suadeo	0	Censura spes concido decor debitis sonitus depraedor pariatur.	0	1	5	https://i.seadn.io/s/raw/files/572cdff4974eb0952fd2a22ee6c57014.jpg?auto=format&dpr=1&w=384	https://i.seadn.io/s/primary-drops/0x6c6b9a46ccf6168a10b1f1a85cb19314659d87a6/27640784:about:media:f8a29073-0b7b-45be-b0af-e9ef0e0a380c.jpeg?auto=format&dpr=1&w=1920	f	2024-07-22 05:03:54.227+00	2024-07-22 05:03:54.227+00	\N
59	adiuvo contego vitae	0	Sub bellicus cunabula succurro dolorem libero.	0	3	1	https://i.seadn.io/s/raw/files/572cdff4974eb0952fd2a22ee6c57014.jpg?auto=format&dpr=1&w=384	https://i.seadn.io/s/primary-drops/0x6c6b9a46ccf6168a10b1f1a85cb19314659d87a6/27640784:about:media:f8a29073-0b7b-45be-b0af-e9ef0e0a380c.jpeg?auto=format&dpr=1&w=1920	f	2024-07-22 05:03:54.229+00	2024-07-22 05:03:54.229+00	\N
60	cauda adamo stella	0	Acceptus demergo demergo consectetur pauci vacuus tribuo cito.	0	3	5	https://i.seadn.io/s/raw/files/572cdff4974eb0952fd2a22ee6c57014.jpg?auto=format&dpr=1&w=384	https://i.seadn.io/s/primary-drops/0x6c6b9a46ccf6168a10b1f1a85cb19314659d87a6/27640784:about:media:f8a29073-0b7b-45be-b0af-e9ef0e0a380c.jpeg?auto=format&dpr=1&w=1920	f	2024-07-22 05:03:54.231+00	2024-07-22 05:03:54.231+00	\N
61	cupiditate vos volup	0	Triumphus ver urbs casso.	0	2	2	https://i.seadn.io/s/raw/files/572cdff4974eb0952fd2a22ee6c57014.jpg?auto=format&dpr=1&w=384	https://i.seadn.io/s/primary-drops/0x6c6b9a46ccf6168a10b1f1a85cb19314659d87a6/27640784:about:media:f8a29073-0b7b-45be-b0af-e9ef0e0a380c.jpeg?auto=format&dpr=1&w=1920	f	2024-07-22 05:03:54.233+00	2024-07-22 05:03:54.233+00	\N
62	pax tepesco demens	0	Denuo non tremo vereor vel carbo voluntarius tego vix.	0	3	5	https://i.seadn.io/s/raw/files/572cdff4974eb0952fd2a22ee6c57014.jpg?auto=format&dpr=1&w=384	https://i.seadn.io/s/primary-drops/0x6c6b9a46ccf6168a10b1f1a85cb19314659d87a6/27640784:about:media:f8a29073-0b7b-45be-b0af-e9ef0e0a380c.jpeg?auto=format&dpr=1&w=1920	f	2024-07-22 05:03:54.235+00	2024-07-22 05:03:54.236+00	\N
63	maxime callide vis	0	Acer dolor aggredior vobis necessitatibus.	0	1	1	https://i.seadn.io/s/raw/files/572cdff4974eb0952fd2a22ee6c57014.jpg?auto=format&dpr=1&w=384	https://i.seadn.io/s/primary-drops/0x6c6b9a46ccf6168a10b1f1a85cb19314659d87a6/27640784:about:media:f8a29073-0b7b-45be-b0af-e9ef0e0a380c.jpeg?auto=format&dpr=1&w=1920	f	2024-07-22 05:03:54.238+00	2024-07-22 05:03:54.238+00	\N
64	sit soluta ustulo	0	Universe tantillus absque ulterius cicuta urbanus.	0	1	3	https://i.seadn.io/s/raw/files/572cdff4974eb0952fd2a22ee6c57014.jpg?auto=format&dpr=1&w=384	https://i.seadn.io/s/primary-drops/0x6c6b9a46ccf6168a10b1f1a85cb19314659d87a6/27640784:about:media:f8a29073-0b7b-45be-b0af-e9ef0e0a380c.jpeg?auto=format&dpr=1&w=1920	f	2024-07-22 05:03:54.241+00	2024-07-22 05:03:54.241+00	\N
65	atque voco sub	0	Officia suppellex arto corona sapiente uterque ceno caelum.	0	2	4	https://i.seadn.io/s/raw/files/572cdff4974eb0952fd2a22ee6c57014.jpg?auto=format&dpr=1&w=384	https://i.seadn.io/s/primary-drops/0x6c6b9a46ccf6168a10b1f1a85cb19314659d87a6/27640784:about:media:f8a29073-0b7b-45be-b0af-e9ef0e0a380c.jpeg?auto=format&dpr=1&w=1920	f	2024-07-22 05:03:54.243+00	2024-07-22 05:03:54.243+00	\N
66	calco asporto aqua	0	Patrocinor talus recusandae explicabo.	0	3	1	https://i.seadn.io/s/raw/files/572cdff4974eb0952fd2a22ee6c57014.jpg?auto=format&dpr=1&w=384	https://i.seadn.io/s/primary-drops/0x6c6b9a46ccf6168a10b1f1a85cb19314659d87a6/27640784:about:media:f8a29073-0b7b-45be-b0af-e9ef0e0a380c.jpeg?auto=format&dpr=1&w=1920	f	2024-07-22 05:03:54.245+00	2024-07-22 05:03:54.245+00	\N
67	adhuc absque adaugeo	0	Viduo suggero crastinus peccatus amita bis absens conventus eveniet patrocinor.	0	3	5	https://i.seadn.io/s/raw/files/572cdff4974eb0952fd2a22ee6c57014.jpg?auto=format&dpr=1&w=384	https://i.seadn.io/s/primary-drops/0x6c6b9a46ccf6168a10b1f1a85cb19314659d87a6/27640784:about:media:f8a29073-0b7b-45be-b0af-e9ef0e0a380c.jpeg?auto=format&dpr=1&w=1920	f	2024-07-22 05:03:54.247+00	2024-07-22 05:03:54.247+00	\N
68	accusamus suffragium torrens	0	Alii corona conforto callide accusantium vix.	0	1	4	https://i.seadn.io/s/raw/files/572cdff4974eb0952fd2a22ee6c57014.jpg?auto=format&dpr=1&w=384	https://i.seadn.io/s/primary-drops/0x6c6b9a46ccf6168a10b1f1a85cb19314659d87a6/27640784:about:media:f8a29073-0b7b-45be-b0af-e9ef0e0a380c.jpeg?auto=format&dpr=1&w=1920	f	2024-07-22 05:03:54.249+00	2024-07-22 05:03:54.249+00	\N
69	vacuus tabesco amo	0	Comedo uberrime pel antepono asperiores cur tristis adopto.	0	3	4	https://i.seadn.io/s/raw/files/572cdff4974eb0952fd2a22ee6c57014.jpg?auto=format&dpr=1&w=384	https://i.seadn.io/s/primary-drops/0x6c6b9a46ccf6168a10b1f1a85cb19314659d87a6/27640784:about:media:f8a29073-0b7b-45be-b0af-e9ef0e0a380c.jpeg?auto=format&dpr=1&w=1920	f	2024-07-22 05:03:54.252+00	2024-07-22 05:03:54.252+00	\N
70	taedium utor angustus	0	Volup talis excepturi.	0	3	6	https://i.seadn.io/s/raw/files/572cdff4974eb0952fd2a22ee6c57014.jpg?auto=format&dpr=1&w=384	https://i.seadn.io/s/primary-drops/0x6c6b9a46ccf6168a10b1f1a85cb19314659d87a6/27640784:about:media:f8a29073-0b7b-45be-b0af-e9ef0e0a380c.jpeg?auto=format&dpr=1&w=1920	f	2024-07-22 05:03:54.254+00	2024-07-22 05:03:54.254+00	\N
71	adsum sulum adipisci	0	Solitudo verbum suffragium apud universe reiciendis.	0	1	2	https://i.seadn.io/s/raw/files/572cdff4974eb0952fd2a22ee6c57014.jpg?auto=format&dpr=1&w=384	https://i.seadn.io/s/primary-drops/0x6c6b9a46ccf6168a10b1f1a85cb19314659d87a6/27640784:about:media:f8a29073-0b7b-45be-b0af-e9ef0e0a380c.jpeg?auto=format&dpr=1&w=1920	f	2024-07-22 05:03:54.256+00	2024-07-22 05:03:54.256+00	\N
72	dolor volo amissio	0	Degusto degusto admoneo et solutio.	0	1	6	https://i.seadn.io/s/raw/files/572cdff4974eb0952fd2a22ee6c57014.jpg?auto=format&dpr=1&w=384	https://i.seadn.io/s/primary-drops/0x6c6b9a46ccf6168a10b1f1a85cb19314659d87a6/27640784:about:media:f8a29073-0b7b-45be-b0af-e9ef0e0a380c.jpeg?auto=format&dpr=1&w=1920	f	2024-07-22 05:03:54.259+00	2024-07-22 05:03:54.259+00	\N
73	labore tumultus compello	0	Dolorum deputo sol.	0	2	6	https://i.seadn.io/s/raw/files/572cdff4974eb0952fd2a22ee6c57014.jpg?auto=format&dpr=1&w=384	https://i.seadn.io/s/primary-drops/0x6c6b9a46ccf6168a10b1f1a85cb19314659d87a6/27640784:about:media:f8a29073-0b7b-45be-b0af-e9ef0e0a380c.jpeg?auto=format&dpr=1&w=1920	f	2024-07-22 05:03:54.26+00	2024-07-22 05:03:54.26+00	\N
74	voluptate blandior volva	0	Thema decimus acerbitas sed cimentarius.	0	1	1	https://i.seadn.io/s/raw/files/572cdff4974eb0952fd2a22ee6c57014.jpg?auto=format&dpr=1&w=384	https://i.seadn.io/s/primary-drops/0x6c6b9a46ccf6168a10b1f1a85cb19314659d87a6/27640784:about:media:f8a29073-0b7b-45be-b0af-e9ef0e0a380c.jpeg?auto=format&dpr=1&w=1920	f	2024-07-22 05:03:54.262+00	2024-07-22 05:03:54.262+00	\N
75	ait ultra copiose	0	Vulnero cometes tersus testimonium quidem.	0	2	2	https://i.seadn.io/s/raw/files/572cdff4974eb0952fd2a22ee6c57014.jpg?auto=format&dpr=1&w=384	https://i.seadn.io/s/primary-drops/0x6c6b9a46ccf6168a10b1f1a85cb19314659d87a6/27640784:about:media:f8a29073-0b7b-45be-b0af-e9ef0e0a380c.jpeg?auto=format&dpr=1&w=1920	f	2024-07-22 05:03:54.264+00	2024-07-22 05:03:54.264+00	\N
76	audacia aranea coaegresco	0	Turba cresco caput commodo vitae aegrus vitiosus studio accusator.	0	3	4	https://i.seadn.io/s/raw/files/572cdff4974eb0952fd2a22ee6c57014.jpg?auto=format&dpr=1&w=384	https://i.seadn.io/s/primary-drops/0x6c6b9a46ccf6168a10b1f1a85cb19314659d87a6/27640784:about:media:f8a29073-0b7b-45be-b0af-e9ef0e0a380c.jpeg?auto=format&dpr=1&w=1920	f	2024-07-22 05:03:54.266+00	2024-07-22 05:03:54.266+00	\N
77	vallum admoneo ago	0	Taedium ademptio neque advoco ago annus magnam vulpes acquiro amicitia.	0	1	1	https://i.seadn.io/s/raw/files/572cdff4974eb0952fd2a22ee6c57014.jpg?auto=format&dpr=1&w=384	https://i.seadn.io/s/primary-drops/0x6c6b9a46ccf6168a10b1f1a85cb19314659d87a6/27640784:about:media:f8a29073-0b7b-45be-b0af-e9ef0e0a380c.jpeg?auto=format&dpr=1&w=1920	f	2024-07-22 05:03:54.269+00	2024-07-22 05:03:54.269+00	\N
78	teres argentum reprehenderit	0	Circumvenio aureus tristis ocer spoliatio amo.	0	3	4	https://i.seadn.io/s/raw/files/572cdff4974eb0952fd2a22ee6c57014.jpg?auto=format&dpr=1&w=384	https://i.seadn.io/s/primary-drops/0x6c6b9a46ccf6168a10b1f1a85cb19314659d87a6/27640784:about:media:f8a29073-0b7b-45be-b0af-e9ef0e0a380c.jpeg?auto=format&dpr=1&w=1920	f	2024-07-22 05:03:54.271+00	2024-07-22 05:03:54.271+00	\N
79	accusamus aedificium capio	0	Caelum pecus apparatus aqua curiositas torqueo vulticulus.	0	1	3	https://i.seadn.io/s/raw/files/572cdff4974eb0952fd2a22ee6c57014.jpg?auto=format&dpr=1&w=384	https://i.seadn.io/s/primary-drops/0x6c6b9a46ccf6168a10b1f1a85cb19314659d87a6/27640784:about:media:f8a29073-0b7b-45be-b0af-e9ef0e0a380c.jpeg?auto=format&dpr=1&w=1920	f	2024-07-22 05:03:54.273+00	2024-07-22 05:03:54.273+00	\N
80	eveniet sortitus supra	0	Atrox coma video.	0	1	1	https://i.seadn.io/s/raw/files/572cdff4974eb0952fd2a22ee6c57014.jpg?auto=format&dpr=1&w=384	https://i.seadn.io/s/primary-drops/0x6c6b9a46ccf6168a10b1f1a85cb19314659d87a6/27640784:about:media:f8a29073-0b7b-45be-b0af-e9ef0e0a380c.jpeg?auto=format&dpr=1&w=1920	f	2024-07-22 05:03:54.275+00	2024-07-22 05:03:54.275+00	\N
81	vitae talus somnus	0	Infit comminor dens comburo ambitus aeternus vomica.	0	1	2	https://i.seadn.io/s/raw/files/572cdff4974eb0952fd2a22ee6c57014.jpg?auto=format&dpr=1&w=384	https://i.seadn.io/s/primary-drops/0x6c6b9a46ccf6168a10b1f1a85cb19314659d87a6/27640784:about:media:f8a29073-0b7b-45be-b0af-e9ef0e0a380c.jpeg?auto=format&dpr=1&w=1920	f	2024-07-22 05:03:54.277+00	2024-07-22 05:03:54.277+00	\N
82	aliquid tristis corroboro	0	Defaeco triumphus acies cohors absorbeo nam suus defleo curia.	0	3	6	https://i.seadn.io/s/raw/files/572cdff4974eb0952fd2a22ee6c57014.jpg?auto=format&dpr=1&w=384	https://i.seadn.io/s/primary-drops/0x6c6b9a46ccf6168a10b1f1a85cb19314659d87a6/27640784:about:media:f8a29073-0b7b-45be-b0af-e9ef0e0a380c.jpeg?auto=format&dpr=1&w=1920	f	2024-07-22 05:03:54.279+00	2024-07-22 05:03:54.279+00	\N
83	spiculum capio capto	0	Adhaero commemoro alioqui.	0	2	6	https://i.seadn.io/s/raw/files/572cdff4974eb0952fd2a22ee6c57014.jpg?auto=format&dpr=1&w=384	https://i.seadn.io/s/primary-drops/0x6c6b9a46ccf6168a10b1f1a85cb19314659d87a6/27640784:about:media:f8a29073-0b7b-45be-b0af-e9ef0e0a380c.jpeg?auto=format&dpr=1&w=1920	f	2024-07-22 05:03:54.281+00	2024-07-22 05:03:54.281+00	\N
84	curso creber studio	0	Theatrum demulceo talio tubineus uterque.	0	2	4	https://i.seadn.io/s/raw/files/572cdff4974eb0952fd2a22ee6c57014.jpg?auto=format&dpr=1&w=384	https://i.seadn.io/s/primary-drops/0x6c6b9a46ccf6168a10b1f1a85cb19314659d87a6/27640784:about:media:f8a29073-0b7b-45be-b0af-e9ef0e0a380c.jpeg?auto=format&dpr=1&w=1920	f	2024-07-22 05:03:54.283+00	2024-07-22 05:03:54.283+00	\N
85	speciosus adaugeo vomer	0	Curis utrum capillus adulatio antiquus timor.	0	3	4	https://i.seadn.io/s/raw/files/572cdff4974eb0952fd2a22ee6c57014.jpg?auto=format&dpr=1&w=384	https://i.seadn.io/s/primary-drops/0x6c6b9a46ccf6168a10b1f1a85cb19314659d87a6/27640784:about:media:f8a29073-0b7b-45be-b0af-e9ef0e0a380c.jpeg?auto=format&dpr=1&w=1920	f	2024-07-22 05:03:54.285+00	2024-07-22 05:03:54.285+00	\N
86	videlicet degero torqueo	0	Cariosus sumo celer comitatus studio thalassinus truculenter confero strues summisse.	0	1	2	https://i.seadn.io/s/raw/files/572cdff4974eb0952fd2a22ee6c57014.jpg?auto=format&dpr=1&w=384	https://i.seadn.io/s/primary-drops/0x6c6b9a46ccf6168a10b1f1a85cb19314659d87a6/27640784:about:media:f8a29073-0b7b-45be-b0af-e9ef0e0a380c.jpeg?auto=format&dpr=1&w=1920	f	2024-07-22 05:03:54.287+00	2024-07-22 05:03:54.287+00	\N
87	dedico quos autem	0	Articulus bonus conitor aro.	0	3	6	https://i.seadn.io/s/raw/files/572cdff4974eb0952fd2a22ee6c57014.jpg?auto=format&dpr=1&w=384	https://i.seadn.io/s/primary-drops/0x6c6b9a46ccf6168a10b1f1a85cb19314659d87a6/27640784:about:media:f8a29073-0b7b-45be-b0af-e9ef0e0a380c.jpeg?auto=format&dpr=1&w=1920	f	2024-07-22 05:03:54.289+00	2024-07-22 05:03:54.289+00	\N
88	cubitum teneo ceno	0	Porro aspicio cuppedia arbitro.	0	2	5	https://i.seadn.io/s/raw/files/572cdff4974eb0952fd2a22ee6c57014.jpg?auto=format&dpr=1&w=384	https://i.seadn.io/s/primary-drops/0x6c6b9a46ccf6168a10b1f1a85cb19314659d87a6/27640784:about:media:f8a29073-0b7b-45be-b0af-e9ef0e0a380c.jpeg?auto=format&dpr=1&w=1920	f	2024-07-22 05:03:54.291+00	2024-07-22 05:03:54.291+00	\N
89	comes conscendo totam	0	Speculum voluptates aggredior possimus cattus comedo.	0	2	4	https://i.seadn.io/s/raw/files/572cdff4974eb0952fd2a22ee6c57014.jpg?auto=format&dpr=1&w=384	https://i.seadn.io/s/primary-drops/0x6c6b9a46ccf6168a10b1f1a85cb19314659d87a6/27640784:about:media:f8a29073-0b7b-45be-b0af-e9ef0e0a380c.jpeg?auto=format&dpr=1&w=1920	f	2024-07-22 05:03:54.292+00	2024-07-22 05:03:54.292+00	\N
90	brevis aspernatur ambulo	0	Traho ambitus doloremque aestus trans distinctio.	0	2	6	https://i.seadn.io/s/raw/files/572cdff4974eb0952fd2a22ee6c57014.jpg?auto=format&dpr=1&w=384	https://i.seadn.io/s/primary-drops/0x6c6b9a46ccf6168a10b1f1a85cb19314659d87a6/27640784:about:media:f8a29073-0b7b-45be-b0af-e9ef0e0a380c.jpeg?auto=format&dpr=1&w=1920	f	2024-07-22 05:03:54.294+00	2024-07-22 05:03:54.294+00	\N
91	admoneo spero vinitor	0	Abbas avarus celo adiuvo asper confido demoror sto numquam.	0	2	3	https://i.seadn.io/s/raw/files/572cdff4974eb0952fd2a22ee6c57014.jpg?auto=format&dpr=1&w=384	https://i.seadn.io/s/primary-drops/0x6c6b9a46ccf6168a10b1f1a85cb19314659d87a6/27640784:about:media:f8a29073-0b7b-45be-b0af-e9ef0e0a380c.jpeg?auto=format&dpr=1&w=1920	f	2024-07-22 05:03:54.296+00	2024-07-22 05:03:54.296+00	\N
92	deputo et calculus	0	Solum tolero tenetur coniecto nobis chirographum capio carus sordeo.	0	3	3	https://i.seadn.io/s/raw/files/572cdff4974eb0952fd2a22ee6c57014.jpg?auto=format&dpr=1&w=384	https://i.seadn.io/s/primary-drops/0x6c6b9a46ccf6168a10b1f1a85cb19314659d87a6/27640784:about:media:f8a29073-0b7b-45be-b0af-e9ef0e0a380c.jpeg?auto=format&dpr=1&w=1920	f	2024-07-22 05:03:54.298+00	2024-07-22 05:03:54.298+00	\N
93	caritas omnis arguo	0	Repellendus trucido spiritus tergum cilicium id optio adipisci una patrocinor.	0	3	5	https://i.seadn.io/s/raw/files/572cdff4974eb0952fd2a22ee6c57014.jpg?auto=format&dpr=1&w=384	https://i.seadn.io/s/primary-drops/0x6c6b9a46ccf6168a10b1f1a85cb19314659d87a6/27640784:about:media:f8a29073-0b7b-45be-b0af-e9ef0e0a380c.jpeg?auto=format&dpr=1&w=1920	f	2024-07-22 05:03:54.3+00	2024-07-22 05:03:54.3+00	\N
94	conicio suggero combibo	0	Corpus quia adipisci.	0	1	1	https://i.seadn.io/s/raw/files/572cdff4974eb0952fd2a22ee6c57014.jpg?auto=format&dpr=1&w=384	https://i.seadn.io/s/primary-drops/0x6c6b9a46ccf6168a10b1f1a85cb19314659d87a6/27640784:about:media:f8a29073-0b7b-45be-b0af-e9ef0e0a380c.jpeg?auto=format&dpr=1&w=1920	f	2024-07-22 05:03:54.304+00	2024-07-22 05:03:54.304+00	\N
95	concido trans doloribus	0	Testimonium antiquus accendo antepono accusantium templum caritas corroboro.	0	1	6	https://i.seadn.io/s/raw/files/572cdff4974eb0952fd2a22ee6c57014.jpg?auto=format&dpr=1&w=384	https://i.seadn.io/s/primary-drops/0x6c6b9a46ccf6168a10b1f1a85cb19314659d87a6/27640784:about:media:f8a29073-0b7b-45be-b0af-e9ef0e0a380c.jpeg?auto=format&dpr=1&w=1920	f	2024-07-22 05:03:54.306+00	2024-07-22 05:03:54.306+00	\N
96	molestias creator cedo	0	Bis tenax comitatus quos clementia.	0	1	1	https://i.seadn.io/s/raw/files/572cdff4974eb0952fd2a22ee6c57014.jpg?auto=format&dpr=1&w=384	https://i.seadn.io/s/primary-drops/0x6c6b9a46ccf6168a10b1f1a85cb19314659d87a6/27640784:about:media:f8a29073-0b7b-45be-b0af-e9ef0e0a380c.jpeg?auto=format&dpr=1&w=1920	f	2024-07-22 05:03:54.309+00	2024-07-22 05:03:54.309+00	\N
97	vinco magnam clementia	0	Thymbra cilicium cado balbus tutamen cribro dedico.	0	3	1	https://i.seadn.io/s/raw/files/572cdff4974eb0952fd2a22ee6c57014.jpg?auto=format&dpr=1&w=384	https://i.seadn.io/s/primary-drops/0x6c6b9a46ccf6168a10b1f1a85cb19314659d87a6/27640784:about:media:f8a29073-0b7b-45be-b0af-e9ef0e0a380c.jpeg?auto=format&dpr=1&w=1920	f	2024-07-22 05:03:54.311+00	2024-07-22 05:03:54.311+00	\N
98	coniecto umbra vestigium	0	Saepe claro ara conicio decerno decipio averto animus tempore suppellex.	0	1	1	https://i.seadn.io/s/raw/files/572cdff4974eb0952fd2a22ee6c57014.jpg?auto=format&dpr=1&w=384	https://i.seadn.io/s/primary-drops/0x6c6b9a46ccf6168a10b1f1a85cb19314659d87a6/27640784:about:media:f8a29073-0b7b-45be-b0af-e9ef0e0a380c.jpeg?auto=format&dpr=1&w=1920	f	2024-07-22 05:03:54.313+00	2024-07-22 05:03:54.313+00	\N
99	depono una creator	0	Vito deputo terreo.	0	3	1	https://i.seadn.io/s/raw/files/572cdff4974eb0952fd2a22ee6c57014.jpg?auto=format&dpr=1&w=384	https://i.seadn.io/s/primary-drops/0x6c6b9a46ccf6168a10b1f1a85cb19314659d87a6/27640784:about:media:f8a29073-0b7b-45be-b0af-e9ef0e0a380c.jpeg?auto=format&dpr=1&w=1920	f	2024-07-22 05:03:54.314+00	2024-07-22 05:03:54.314+00	\N
100	et curvo subiungo	0	Compello culpa audacia arcesso.	0	1	6	https://i.seadn.io/s/raw/files/572cdff4974eb0952fd2a22ee6c57014.jpg?auto=format&dpr=1&w=384	https://i.seadn.io/s/primary-drops/0x6c6b9a46ccf6168a10b1f1a85cb19314659d87a6/27640784:about:media:f8a29073-0b7b-45be-b0af-e9ef0e0a380c.jpeg?auto=format&dpr=1&w=1920	f	2024-07-22 05:03:54.316+00	2024-07-22 05:03:54.316+00	\N
14	sodalitas carmen ulciscor	23	Quae abscido validus candidus quibusdam debitis adfectus.	11324	3	3	https://i.seadn.io/s/raw/files/572cdff4974eb0952fd2a22ee6c57014.jpg?auto=format&dpr=1&w=384	https://i.seadn.io/s/primary-drops/0x6c6b9a46ccf6168a10b1f1a85cb19314659d87a6/27640784:about:media:f8a29073-0b7b-45be-b0af-e9ef0e0a380c.jpeg?auto=format&dpr=1&w=1920	f	2024-07-22 05:03:54.13+00	2024-07-22 06:47:13.465+00	\N
21	pax neque ulterius	52	Eos dedico solio aspicio deprimo certe deleo.	10890	1	3	https://i.seadn.io/s/raw/files/572cdff4974eb0952fd2a22ee6c57014.jpg?auto=format&dpr=1&w=384	https://i.seadn.io/s/primary-drops/0x6c6b9a46ccf6168a10b1f1a85cb19314659d87a6/27640784:about:media:f8a29073-0b7b-45be-b0af-e9ef0e0a380c.jpeg?auto=format&dpr=1&w=1920	f	2024-07-22 05:03:54.145+00	2024-07-22 06:47:13.916+00	\N
16	abeo deleniti bellum	57	Cibo utpote spiculum acer.	9804	1	4	https://i.seadn.io/s/raw/files/572cdff4974eb0952fd2a22ee6c57014.jpg?auto=format&dpr=1&w=384	https://i.seadn.io/s/primary-drops/0x6c6b9a46ccf6168a10b1f1a85cb19314659d87a6/27640784:about:media:f8a29073-0b7b-45be-b0af-e9ef0e0a380c.jpeg?auto=format&dpr=1&w=1920	f	2024-07-22 05:03:54.134+00	2024-07-22 06:47:13.919+00	\N
12	sui quos demens	2	Adaugeo utor desipio.	10867	1	1	https://i.seadn.io/s/raw/files/572cdff4974eb0952fd2a22ee6c57014.jpg?auto=format&dpr=1&w=384	https://i.seadn.io/s/primary-drops/0x6c6b9a46ccf6168a10b1f1a85cb19314659d87a6/27640784:about:media:f8a29073-0b7b-45be-b0af-e9ef0e0a380c.jpeg?auto=format&dpr=1&w=1920	f	2024-07-22 05:03:54.126+00	2024-07-22 06:47:13.937+00	\N
6	in eum vulnero	29	Cras averto admiratio asporto charisma vociferor decumbo caput atavus excepturi.	12489	1	1	https://i.seadn.io/s/raw/files/572cdff4974eb0952fd2a22ee6c57014.jpg?auto=format&dpr=1&w=384	https://i.seadn.io/s/primary-drops/0x6c6b9a46ccf6168a10b1f1a85cb19314659d87a6/27640784:about:media:f8a29073-0b7b-45be-b0af-e9ef0e0a380c.jpeg?auto=format&dpr=1&w=1920	f	2024-07-22 05:03:54.11+00	2024-07-22 06:47:13.946+00	\N
4	speculum aptus atque	21	Arbustum ullam amita atque conscendo asporto aperio coepi quaerat.	14040	2	6	https://i.seadn.io/s/raw/files/572cdff4974eb0952fd2a22ee6c57014.jpg?auto=format&dpr=1&w=384	https://i.seadn.io/s/primary-drops/0x6c6b9a46ccf6168a10b1f1a85cb19314659d87a6/27640784:about:media:f8a29073-0b7b-45be-b0af-e9ef0e0a380c.jpeg?auto=format&dpr=1&w=1920	f	2024-07-22 05:03:54.105+00	2024-07-22 06:47:13.943+00	\N
11	absorbeo qui tepesco	50	Vester degusto conforto.	14574	2	3	https://i.seadn.io/s/raw/files/572cdff4974eb0952fd2a22ee6c57014.jpg?auto=format&dpr=1&w=384	https://i.seadn.io/s/primary-drops/0x6c6b9a46ccf6168a10b1f1a85cb19314659d87a6/27640784:about:media:f8a29073-0b7b-45be-b0af-e9ef0e0a380c.jpeg?auto=format&dpr=1&w=1920	f	2024-07-22 05:03:54.123+00	2024-07-22 06:47:13.463+00	\N
23	vulariter cornu cura	16	Ver sol urbs crastinus caput deinde catena.	9880	2	3	https://i.seadn.io/s/raw/files/572cdff4974eb0952fd2a22ee6c57014.jpg?auto=format&dpr=1&w=384	https://i.seadn.io/s/primary-drops/0x6c6b9a46ccf6168a10b1f1a85cb19314659d87a6/27640784:about:media:f8a29073-0b7b-45be-b0af-e9ef0e0a380c.jpeg?auto=format&dpr=1&w=1920	f	2024-07-22 05:03:54.148+00	2024-07-22 06:47:13.924+00	\N
5	adulatio civis conscendo	42	Clarus pauper dolores tamdiu pecto subseco adsuesco.	8645	1	6	https://i.seadn.io/s/raw/files/572cdff4974eb0952fd2a22ee6c57014.jpg?auto=format&dpr=1&w=384	https://i.seadn.io/s/primary-drops/0x6c6b9a46ccf6168a10b1f1a85cb19314659d87a6/27640784:about:media:f8a29073-0b7b-45be-b0af-e9ef0e0a380c.jpeg?auto=format&dpr=1&w=1920	f	2024-07-22 05:03:54.108+00	2024-07-22 06:47:13.944+00	\N
8	decet sub videlicet	11	Amplitudo vinitor capio audeo validus laborum velociter vigor pariatur aiunt.	11786	3	6	https://i.seadn.io/s/raw/files/572cdff4974eb0952fd2a22ee6c57014.jpg?auto=format&dpr=1&w=384	https://i.seadn.io/s/primary-drops/0x6c6b9a46ccf6168a10b1f1a85cb19314659d87a6/27640784:about:media:f8a29073-0b7b-45be-b0af-e9ef0e0a380c.jpeg?auto=format&dpr=1&w=1920	f	2024-07-22 05:03:54.115+00	2024-07-22 06:47:13.922+00	\N
13	tubineus sustineo attonbitus	48	Fugit demergo veritas demitto ceno magni vitae triumphus accusamus.	10032	2	3	https://i.seadn.io/s/raw/files/572cdff4974eb0952fd2a22ee6c57014.jpg?auto=format&dpr=1&w=384	https://i.seadn.io/s/primary-drops/0x6c6b9a46ccf6168a10b1f1a85cb19314659d87a6/27640784:about:media:f8a29073-0b7b-45be-b0af-e9ef0e0a380c.jpeg?auto=format&dpr=1&w=1920	f	2024-07-22 05:03:54.128+00	2024-07-22 06:47:13.874+00	\N
19	averto arcus amplitudo	24	Caecus solitudo ab caterva ipsum tracto comburo deputo clamo stella.	8953	3	1	https://i.seadn.io/s/raw/files/572cdff4974eb0952fd2a22ee6c57014.jpg?auto=format&dpr=1&w=384	https://i.seadn.io/s/primary-drops/0x6c6b9a46ccf6168a10b1f1a85cb19314659d87a6/27640784:about:media:f8a29073-0b7b-45be-b0af-e9ef0e0a380c.jpeg?auto=format&dpr=1&w=1920	f	2024-07-22 05:03:54.141+00	2024-07-22 06:47:13.816+00	\N
\.


--
-- Data for Name: order_details; Type: TABLE DATA; Schema: public; Owner: postgres
--

COPY public.order_details (id, order_id, product_id, number_product, price, is_deleted, created_at, updated_at) FROM stdin;
1	1	63	1	523	f	2024-07-24 09:57:01.995+00	2024-07-24 09:57:01.995+00
2	1	55	123	639	f	2024-07-24 09:57:02.03+00	2024-07-24 09:57:02.03+00
3	1	45	1	208	f	2024-07-24 09:57:02.033+00	2024-07-24 09:57:02.033+00
4	1	11	1	633	f	2024-07-24 09:57:02.036+00	2024-07-24 09:57:02.036+00
5	2	226	1	764	f	2024-07-24 11:20:37.4+00	2024-07-24 11:20:37.4+00
6	2	69	1	141	f	2024-07-24 11:20:37.404+00	2024-07-24 11:20:37.404+00
7	2	55	1	639	f	2024-07-24 11:20:37.406+00	2024-07-24 11:20:37.406+00
8	2	63	1	523	f	2024-07-24 11:20:37.409+00	2024-07-24 11:20:37.409+00
9	3	226	1	764	f	2024-07-24 11:30:43.109+00	2024-07-24 11:30:43.109+00
10	3	69	1	141	f	2024-07-24 11:30:43.124+00	2024-07-24 11:30:43.124+00
11	3	55	1	639	f	2024-07-24 11:30:43.128+00	2024-07-24 11:30:43.128+00
12	3	63	1	523	f	2024-07-24 11:30:43.131+00	2024-07-24 11:30:43.131+00
13	4	45	1	208	f	2024-07-24 11:41:04.484+00	2024-07-24 11:41:04.484+00
14	4	11	1	633	f	2024-07-24 11:41:04.487+00	2024-07-24 11:41:04.487+00
15	5	11	1	633	f	2024-07-24 11:42:59.786+00	2024-07-24 11:42:59.786+00
16	6	45	1	208	f	2024-07-25 02:26:11.367+00	2024-07-25 02:26:11.367+00
17	7	45	1	208	f	2024-07-25 02:26:36.72+00	2024-07-25 02:26:36.72+00
18	8	45	1	208	f	2024-07-25 02:28:10.326+00	2024-07-25 02:28:10.326+00
19	9	45	1	208	f	2024-07-25 02:30:15.363+00	2024-07-25 02:30:15.363+00
20	10	45	3	208	f	2024-07-25 02:30:27.774+00	2024-07-25 02:30:27.774+00
21	11	19	1	886	f	2024-07-25 06:03:50.11+00	2024-07-25 06:03:50.11+00
22	12	11	1	633	f	2024-07-25 10:59:20.599+00	2024-07-25 10:59:20.599+00
23	13	36	4	21	f	2024-07-25 11:12:16.194+00	2024-07-25 11:12:16.194+00
24	13	28	2	88	f	2024-07-25 11:12:16.197+00	2024-07-25 11:12:16.197+00
25	14	47	2	520	f	2024-07-25 11:13:36.842+00	2024-07-25 11:13:36.842+00
26	15	55	123	639	f	2024-07-26 02:36:57.989+00	2024-07-26 02:36:57.989+00
27	15	45	1	208	f	2024-07-26 02:36:57.995+00	2024-07-26 02:36:57.995+00
28	15	11	1	633	f	2024-07-26 02:36:57.998+00	2024-07-26 02:36:57.998+00
29	16	32	1	825	f	2024-07-26 02:37:24.357+00	2024-07-26 02:37:24.357+00
\.


--
-- Data for Name: orders; Type: TABLE DATA; Schema: public; Owner: postgres
--

COPY public.orders (id, user_id, description, payment_method, total_price, is_deleted, created_at, updated_at) FROM stdin;
1	1		online	79961	f	2024-07-24 09:57:01.543+00	2024-07-24 09:57:01.543+00
2	3		online	2067	f	2024-07-24 11:20:37.252+00	2024-07-24 11:20:37.252+00
3	3		online	2067	f	2024-07-24 11:30:43.094+00	2024-07-24 11:30:43.094+00
4	3		online	841	f	2024-07-24 11:41:04.47+00	2024-07-24 11:41:04.47+00
5	3		online	633	f	2024-07-24 11:42:59.78+00	2024-07-24 11:42:59.78+00
6	3		online	208	f	2024-07-25 02:26:11.36+00	2024-07-25 02:26:11.36+00
7	3		online	208	f	2024-07-25 02:26:36.714+00	2024-07-25 02:26:36.714+00
8	3		online	208	f	2024-07-25 02:28:10.319+00	2024-07-25 02:28:10.319+00
9	3		online	208	f	2024-07-25 02:30:15.359+00	2024-07-25 02:30:15.359+00
10	3		online	624	f	2024-07-25 02:30:27.77+00	2024-07-25 02:30:27.77+00
11	3		online	886	f	2024-07-25 06:03:50.022+00	2024-07-25 06:03:50.022+00
12	3		online	633	f	2024-07-25 10:59:20.592+00	2024-07-25 10:59:20.592+00
13	3		online	260	f	2024-07-25 11:12:16.178+00	2024-07-25 11:12:16.178+00
14	3		online	1040	f	2024-07-25 11:13:36.82+00	2024-07-25 11:13:36.82+00
15	1		online	79438	f	2024-07-26 02:36:57.965+00	2024-07-26 02:36:57.965+00
16	1		online	825	f	2024-07-26 02:37:24.352+00	2024-07-26 02:37:24.352+00
\.


--
-- Data for Name: products; Type: TABLE DATA; Schema: public; Owner: postgres
--

COPY public.products (id, name, description, price, quantity, collection_id, image_url, is_deleted, created_at, updated_at, owner_by_user_id) FROM stdin;
1	Elegant Metal Gloves	The slim & simple Maple Gaming Keyboard from Dev Byte comes with a sleek body and 7- Color RGB LED Back-lighting for smart functionality	436	1245	11	https://i.seadn.io/s/raw/files/43445c33ca9a539dbc18f39f89c4550c.jpg?auto=format&dpr=1&w=384	f	2024-07-22 05:04:15.122+00	2024-07-22 05:04:15.122+00	1
2	Oriental Steel Sausages	The beautiful range of Apple Natural that has an exciting mix of natural ingredients. With the Goodness of 100% Natural Ingredients	534	167	11	https://i.seadn.io/s/raw/files/43445c33ca9a539dbc18f39f89c4550c.jpg?auto=format&dpr=1&w=384	f	2024-07-22 05:04:15.133+00	2024-07-22 05:04:15.133+00	1
3	Fantastic Wooden Soap	Boston's most advanced compression wear technology increases muscle oxygenation, stabilizes active muscles	724	1723	13	https://i.seadn.io/s/raw/files/43445c33ca9a539dbc18f39f89c4550c.jpg?auto=format&dpr=1&w=384	f	2024-07-22 05:04:15.137+00	2024-07-22 05:04:15.137+00	1
4	Handcrafted Metal Shirt	New range of formal shirts are designed keeping you in mind. With fits and styling that will make you stand apart	982	1425	16	https://i.seadn.io/s/raw/files/43445c33ca9a539dbc18f39f89c4550c.jpg?auto=format&dpr=1&w=384	f	2024-07-22 05:04:15.139+00	2024-07-22 05:04:15.139+00	1
5	Handcrafted Wooden Gloves	New range of formal shirts are designed keeping you in mind. With fits and styling that will make you stand apart	52	1153	13	https://i.seadn.io/s/raw/files/43445c33ca9a539dbc18f39f89c4550c.jpg?auto=format&dpr=1&w=384	f	2024-07-22 05:04:15.142+00	2024-07-22 05:04:15.143+00	1
6	Ergonomic Steel Table	The beautiful range of Apple Natural that has an exciting mix of natural ingredients. With the Goodness of 100% Natural Ingredients	69	1992	6	https://i.seadn.io/s/raw/files/43445c33ca9a539dbc18f39f89c4550c.jpg?auto=format&dpr=1&w=384	f	2024-07-22 05:04:15.145+00	2024-07-22 05:04:15.145+00	1
7	Ergonomic Bronze Ball	Andy shoes are designed to keeping in mind durability as well as trends, the most stylish range of shoes & sandals	648	234	12	https://i.seadn.io/s/raw/files/43445c33ca9a539dbc18f39f89c4550c.jpg?auto=format&dpr=1&w=384	f	2024-07-22 05:04:15.147+00	2024-07-22 05:04:15.147+00	1
8	Fantastic Granite Hat	The Apollotech B340 is an affordable wireless mouse with reliable connectivity, 12 months battery life and modern design	65	1334	14	https://i.seadn.io/s/raw/files/43445c33ca9a539dbc18f39f89c4550c.jpg?auto=format&dpr=1&w=384	f	2024-07-22 05:04:15.149+00	2024-07-22 05:04:15.149+00	1
9	Recycled Soft Mouse	The beautiful range of Apple Natural that has an exciting mix of natural ingredients. With the Goodness of 100% Natural Ingredients	974	548	19	https://i.seadn.io/s/raw/files/43445c33ca9a539dbc18f39f89c4550c.jpg?auto=format&dpr=1&w=384	f	2024-07-22 05:04:15.152+00	2024-07-22 05:04:15.152+00	1
10	Intelligent Plastic Salad	The beautiful range of Apple Natural that has an exciting mix of natural ingredients. With the Goodness of 100% Natural Ingredients	95	696	11	https://i.seadn.io/s/raw/files/43445c33ca9a539dbc18f39f89c4550c.jpg?auto=format&dpr=1&w=384	f	2024-07-22 05:04:15.156+00	2024-07-22 05:04:15.156+00	1
12	Fantastic Fresh Computer	The Nagasaki Lander is the trademarked name of several series of Nagasaki sport bikes, that started with the 1984 ABC800J	151	348	12	https://i.seadn.io/s/raw/files/43445c33ca9a539dbc18f39f89c4550c.jpg?auto=format&dpr=1&w=384	f	2024-07-22 05:04:15.161+00	2024-07-22 05:04:15.161+00	1
13	Fantastic Metal Fish	The slim & simple Maple Gaming Keyboard from Dev Byte comes with a sleek body and 7- Color RGB LED Back-lighting for smart functionality	421	488	6	https://i.seadn.io/s/raw/files/43445c33ca9a539dbc18f39f89c4550c.jpg?auto=format&dpr=1&w=384	f	2024-07-22 05:04:15.164+00	2024-07-22 05:04:15.164+00	1
14	Practical Concrete Sausages	The slim & simple Maple Gaming Keyboard from Dev Byte comes with a sleek body and 7- Color RGB LED Back-lighting for smart functionality	149	582	11	https://i.seadn.io/s/raw/files/43445c33ca9a539dbc18f39f89c4550c.jpg?auto=format&dpr=1&w=384	f	2024-07-22 05:04:15.166+00	2024-07-22 05:04:15.166+00	1
15	Awesome Rubber Chips	New ABC 13 9370, 13.3, 5th Gen CoreA5-8250U, 8GB RAM, 256GB SSD, power UHD Graphics, OS 10 Home, OS Office A & J 2016	383	1455	5	https://i.seadn.io/s/raw/files/43445c33ca9a539dbc18f39f89c4550c.jpg?auto=format&dpr=1&w=384	f	2024-07-22 05:04:15.168+00	2024-07-22 05:04:15.168+00	1
16	Practical Steel Salad	The automobile layout consists of a front-engine design, with transaxle-type transmissions mounted at the rear of the engine and four wheel drive	70	138	23	https://i.seadn.io/s/raw/files/43445c33ca9a539dbc18f39f89c4550c.jpg?auto=format&dpr=1&w=384	f	2024-07-22 05:04:15.17+00	2024-07-22 05:04:15.17+00	1
17	Fantastic Fresh Cheese	New range of formal shirts are designed keeping you in mind. With fits and styling that will make you stand apart	476	483	5	https://i.seadn.io/s/raw/files/43445c33ca9a539dbc18f39f89c4550c.jpg?auto=format&dpr=1&w=384	f	2024-07-22 05:04:15.172+00	2024-07-22 05:04:15.172+00	1
18	Tasty Soft Chair	The slim & simple Maple Gaming Keyboard from Dev Byte comes with a sleek body and 7- Color RGB LED Back-lighting for smart functionality	376	1562	21	https://i.seadn.io/s/raw/files/43445c33ca9a539dbc18f39f89c4550c.jpg?auto=format&dpr=1&w=384	f	2024-07-22 05:04:15.175+00	2024-07-22 05:04:15.175+00	1
20	Small Bronze Chair	Andy shoes are designed to keeping in mind durability as well as trends, the most stylish range of shoes & sandals	406	38	15	https://i.seadn.io/s/raw/files/43445c33ca9a539dbc18f39f89c4550c.jpg?auto=format&dpr=1&w=384	f	2024-07-22 05:04:15.179+00	2024-07-22 05:04:15.179+00	1
21	Rustic Concrete Mouse	Ergonomic executive chair upholstered in bonded black leather and PVC padded seat and back for all-day comfort and support	999	1034	22	https://i.seadn.io/s/raw/files/43445c33ca9a539dbc18f39f89c4550c.jpg?auto=format&dpr=1&w=384	f	2024-07-22 05:04:15.181+00	2024-07-22 05:04:15.181+00	1
23	Awesome Concrete Pizza	Ergonomic executive chair upholstered in bonded black leather and PVC padded seat and back for all-day comfort and support	925	442	23	https://i.seadn.io/s/raw/files/43445c33ca9a539dbc18f39f89c4550c.jpg?auto=format&dpr=1&w=384	f	2024-07-22 05:04:15.185+00	2024-07-22 05:04:15.185+00	1
24	Generic Frozen Pizza	The beautiful range of Apple Natural that has an exciting mix of natural ingredients. With the Goodness of 100% Natural Ingredients	452	1531	4	https://i.seadn.io/s/raw/files/43445c33ca9a539dbc18f39f89c4550c.jpg?auto=format&dpr=1&w=384	f	2024-07-22 05:04:15.187+00	2024-07-22 05:04:15.187+00	1
25	Bespoke Steel Computer	The beautiful range of Apple Natural that has an exciting mix of natural ingredients. With the Goodness of 100% Natural Ingredients	276	1990	15	https://i.seadn.io/s/raw/files/43445c33ca9a539dbc18f39f89c4550c.jpg?auto=format&dpr=1&w=384	f	2024-07-22 05:04:15.189+00	2024-07-22 05:04:15.189+00	1
26	Bespoke Steel Keyboard	The Nagasaki Lander is the trademarked name of several series of Nagasaki sport bikes, that started with the 1984 ABC800J	831	1843	10	https://i.seadn.io/s/raw/files/43445c33ca9a539dbc18f39f89c4550c.jpg?auto=format&dpr=1&w=384	f	2024-07-22 05:04:15.191+00	2024-07-22 05:04:15.191+00	1
22	Licensed Granite Table2	Boston's most advanced compression wear technology increases muscle oxygenation, stabilizes active muscles	332	1354	20	https://i.seadn.io/s/raw/files/43445c33ca9a539dbc18f39f89c4550c.jpg?auto=format&dpr=1&w=384	f	2024-07-22 05:04:15.183+00	2024-07-25 03:27:14.549+00	1
19	Generic Bronze Gloves	Boston's most advanced compression wear technology increases muscle oxygenation, stabilizes active muscles	886	465	7	https://i.seadn.io/s/raw/files/43445c33ca9a539dbc18f39f89c4550c.jpg?auto=format&dpr=1&w=384	f	2024-07-22 05:04:15.177+00	2024-07-25 06:03:50.108+00	3
27	Small Metal Sausages	The Apollotech B340 is an affordable wireless mouse with reliable connectivity, 12 months battery life and modern design	698	398	11	https://i.seadn.io/s/raw/files/43445c33ca9a539dbc18f39f89c4550c.jpg?auto=format&dpr=1&w=384	f	2024-07-22 05:04:15.193+00	2024-07-22 05:04:15.193+00	1
46	Electronic Plastic Chips	New ABC 13 9370, 13.3, 5th Gen CoreA5-8250U, 8GB RAM, 256GB SSD, power UHD Graphics, OS 10 Home, OS Office A & J 2016	65	862	6	https://i.seadn.io/s/raw/files/43445c33ca9a539dbc18f39f89c4550c.jpg?auto=format&dpr=1&w=384	f	2024-07-22 05:04:15.229+00	2024-07-22 05:04:15.229+00	1
56	Gorgeous Frozen Chair	The slim & simple Maple Gaming Keyboard from Dev Byte comes with a sleek body and 7- Color RGB LED Back-lighting for smart functionality	639	1640	20	https://i.seadn.io/s/raw/files/43445c33ca9a539dbc18f39f89c4550c.jpg?auto=format&dpr=1&w=384	f	2024-07-22 05:04:15.246+00	2024-07-22 05:04:15.246+00	1
67	Electronic Soft Towels	The Apollotech B340 is an affordable wireless mouse with reliable connectivity, 12 months battery life and modern design	4	1428	19	https://i.seadn.io/s/raw/files/43445c33ca9a539dbc18f39f89c4550c.jpg?auto=format&dpr=1&w=384	f	2024-07-22 05:04:15.269+00	2024-07-22 05:04:15.269+00	1
77	Elegant Wooden Keyboard	The Apollotech B340 is an affordable wireless mouse with reliable connectivity, 12 months battery life and modern design	209	654	4	https://i.seadn.io/s/raw/files/43445c33ca9a539dbc18f39f89c4550c.jpg?auto=format&dpr=1&w=384	f	2024-07-22 05:04:15.286+00	2024-07-22 05:04:15.286+00	1
87	Licensed Bronze Hat	Boston's most advanced compression wear technology increases muscle oxygenation, stabilizes active muscles	41	267	6	https://i.seadn.io/s/raw/files/43445c33ca9a539dbc18f39f89c4550c.jpg?auto=format&dpr=1&w=384	f	2024-07-22 05:04:15.304+00	2024-07-22 05:04:15.304+00	1
97	Ergonomic Plastic Towels	Ergonomic executive chair upholstered in bonded black leather and PVC padded seat and back for all-day comfort and support	927	793	20	https://i.seadn.io/s/raw/files/43445c33ca9a539dbc18f39f89c4550c.jpg?auto=format&dpr=1&w=384	f	2024-07-22 05:04:15.324+00	2024-07-22 05:04:15.324+00	1
107	Ergonomic Concrete Keyboard	Ergonomic executive chair upholstered in bonded black leather and PVC padded seat and back for all-day comfort and support	882	873	11	https://i.seadn.io/s/raw/files/43445c33ca9a539dbc18f39f89c4550c.jpg?auto=format&dpr=1&w=384	f	2024-07-22 05:04:15.341+00	2024-07-22 05:04:15.341+00	1
116	Recycled Rubber Chips	Boston's most advanced compression wear technology increases muscle oxygenation, stabilizes active muscles	234	333	23	https://i.seadn.io/s/raw/files/43445c33ca9a539dbc18f39f89c4550c.jpg?auto=format&dpr=1&w=384	f	2024-07-22 05:04:15.359+00	2024-07-22 05:04:15.359+00	1
126	Licensed Frozen Salad	Ergonomic executive chair upholstered in bonded black leather and PVC padded seat and back for all-day comfort and support	194	1419	9	https://i.seadn.io/s/raw/files/43445c33ca9a539dbc18f39f89c4550c.jpg?auto=format&dpr=1&w=384	f	2024-07-22 05:04:15.378+00	2024-07-22 05:04:15.378+00	1
136	Rustic Bronze Keyboard	The slim & simple Maple Gaming Keyboard from Dev Byte comes with a sleek body and 7- Color RGB LED Back-lighting for smart functionality	853	1988	16	https://i.seadn.io/s/raw/files/43445c33ca9a539dbc18f39f89c4550c.jpg?auto=format&dpr=1&w=384	f	2024-07-22 05:04:15.395+00	2024-07-22 05:04:15.395+00	1
146	Oriental Concrete Table	The slim & simple Maple Gaming Keyboard from Dev Byte comes with a sleek body and 7- Color RGB LED Back-lighting for smart functionality	305	318	10	https://i.seadn.io/s/raw/files/43445c33ca9a539dbc18f39f89c4550c.jpg?auto=format&dpr=1&w=384	f	2024-07-22 05:04:15.412+00	2024-07-22 05:04:15.412+00	1
155	Ergonomic Cotton Mouse	The beautiful range of Apple Natural that has an exciting mix of natural ingredients. With the Goodness of 100% Natural Ingredients	808	1707	14	https://i.seadn.io/s/raw/files/43445c33ca9a539dbc18f39f89c4550c.jpg?auto=format&dpr=1&w=384	f	2024-07-22 05:04:15.429+00	2024-07-22 05:04:15.429+00	1
166	Licensed Metal Soap	New range of formal shirts are designed keeping you in mind. With fits and styling that will make you stand apart	996	1208	18	https://i.seadn.io/s/raw/files/43445c33ca9a539dbc18f39f89c4550c.jpg?auto=format&dpr=1&w=384	f	2024-07-22 05:04:15.446+00	2024-07-22 05:04:15.447+00	1
176	Luxurious Frozen Mouse	Boston's most advanced compression wear technology increases muscle oxygenation, stabilizes active muscles	260	243	14	https://i.seadn.io/s/raw/files/43445c33ca9a539dbc18f39f89c4550c.jpg?auto=format&dpr=1&w=384	f	2024-07-22 05:04:15.462+00	2024-07-22 05:04:15.462+00	1
186	Awesome Concrete Ball	The beautiful range of Apple Natural that has an exciting mix of natural ingredients. With the Goodness of 100% Natural Ingredients	468	879	8	https://i.seadn.io/s/raw/files/43445c33ca9a539dbc18f39f89c4550c.jpg?auto=format&dpr=1&w=384	f	2024-07-22 05:04:15.482+00	2024-07-22 05:04:15.482+00	1
196	Practical Fresh Fish	New ABC 13 9370, 13.3, 5th Gen CoreA5-8250U, 8GB RAM, 256GB SSD, power UHD Graphics, OS 10 Home, OS Office A & J 2016	381	1819	13	https://i.seadn.io/s/raw/files/43445c33ca9a539dbc18f39f89c4550c.jpg?auto=format&dpr=1&w=384	f	2024-07-22 05:04:15.501+00	2024-07-22 05:04:15.501+00	1
207	Licensed Bronze Soap	The Apollotech B340 is an affordable wireless mouse with reliable connectivity, 12 months battery life and modern design	731	0	23	https://i.seadn.io/s/raw/files/43445c33ca9a539dbc18f39f89c4550c.jpg?auto=format&dpr=1&w=384	f	2024-07-22 05:04:15.519+00	2024-07-22 05:04:15.519+00	1
217	Unbranded Wooden Sausages	The Apollotech B340 is an affordable wireless mouse with reliable connectivity, 12 months battery life and modern design	760	1354	13	https://i.seadn.io/s/raw/files/43445c33ca9a539dbc18f39f89c4550c.jpg?auto=format&dpr=1&w=384	f	2024-07-22 05:04:15.536+00	2024-07-22 05:04:15.536+00	1
227	Oriental Bronze Fish	The automobile layout consists of a front-engine design, with transaxle-type transmissions mounted at the rear of the engine and four wheel drive	927	211	18	https://i.seadn.io/s/raw/files/43445c33ca9a539dbc18f39f89c4550c.jpg?auto=format&dpr=1&w=384	f	2024-07-22 05:04:15.552+00	2024-07-22 05:04:15.552+00	1
237	Recycled Concrete Tuna	The Apollotech B340 is an affordable wireless mouse with reliable connectivity, 12 months battery life and modern design	216	285	8	https://i.seadn.io/s/raw/files/43445c33ca9a539dbc18f39f89c4550c.jpg?auto=format&dpr=1&w=384	f	2024-07-22 05:04:15.572+00	2024-07-22 05:04:15.572+00	1
247	Awesome Soft Mouse	The Nagasaki Lander is the trademarked name of several series of Nagasaki sport bikes, that started with the 1984 ABC800J	448	1418	5	https://i.seadn.io/s/raw/files/43445c33ca9a539dbc18f39f89c4550c.jpg?auto=format&dpr=1&w=384	f	2024-07-22 05:04:15.589+00	2024-07-22 05:04:15.589+00	1
257	Elegant Fresh Pizza	The Apollotech B340 is an affordable wireless mouse with reliable connectivity, 12 months battery life and modern design	247	1655	8	https://i.seadn.io/s/raw/files/43445c33ca9a539dbc18f39f89c4550c.jpg?auto=format&dpr=1&w=384	f	2024-07-22 05:04:15.608+00	2024-07-22 05:04:15.608+00	1
267	Intelligent Soft Gloves	Ergonomic executive chair upholstered in bonded black leather and PVC padded seat and back for all-day comfort and support	737	1200	11	https://i.seadn.io/s/raw/files/43445c33ca9a539dbc18f39f89c4550c.jpg?auto=format&dpr=1&w=384	f	2024-07-22 05:04:15.626+00	2024-07-22 05:04:15.626+00	1
277	Refined Fresh Gloves	The beautiful range of Apple Natural that has an exciting mix of natural ingredients. With the Goodness of 100% Natural Ingredients	815	1595	12	https://i.seadn.io/s/raw/files/43445c33ca9a539dbc18f39f89c4550c.jpg?auto=format&dpr=1&w=384	f	2024-07-22 05:04:15.645+00	2024-07-22 05:04:15.645+00	1
38	Recycled Fresh Towels	The Football Is Good For Training And Recreational Purposes	417	122	23	https://i.seadn.io/s/raw/files/43445c33ca9a539dbc18f39f89c4550c.jpg?auto=format&dpr=1&w=384	f	2024-07-22 05:04:15.212+00	2024-07-22 05:04:15.212+00	1
53	Unbranded Steel Bike	Andy shoes are designed to keeping in mind durability as well as trends, the most stylish range of shoes & sandals	813	1313	5	https://i.seadn.io/s/raw/files/43445c33ca9a539dbc18f39f89c4550c.jpg?auto=format&dpr=1&w=384	f	2024-07-22 05:04:15.241+00	2024-07-22 05:04:15.241+00	1
62	Practical Soft Ball	Carbonite web goalkeeper gloves are ergonomically designed to give easy fit	103	885	21	https://i.seadn.io/s/raw/files/43445c33ca9a539dbc18f39f89c4550c.jpg?auto=format&dpr=1&w=384	f	2024-07-22 05:04:15.257+00	2024-07-22 05:04:15.257+00	1
71	Modern Plastic Salad	Carbonite web goalkeeper gloves are ergonomically designed to give easy fit	232	1302	16	https://i.seadn.io/s/raw/files/43445c33ca9a539dbc18f39f89c4550c.jpg?auto=format&dpr=1&w=384	f	2024-07-22 05:04:15.277+00	2024-07-22 05:04:15.277+00	1
81	Fantastic Cotton Soap	The automobile layout consists of a front-engine design, with transaxle-type transmissions mounted at the rear of the engine and four wheel drive	232	830	15	https://i.seadn.io/s/raw/files/43445c33ca9a539dbc18f39f89c4550c.jpg?auto=format&dpr=1&w=384	f	2024-07-22 05:04:15.294+00	2024-07-22 05:04:15.294+00	1
89	Rustic Bronze Table	Andy shoes are designed to keeping in mind durability as well as trends, the most stylish range of shoes & sandals	227	1439	16	https://i.seadn.io/s/raw/files/43445c33ca9a539dbc18f39f89c4550c.jpg?auto=format&dpr=1&w=384	f	2024-07-22 05:04:15.308+00	2024-07-22 05:04:15.309+00	1
101	Recycled Frozen Pants	Ergonomic executive chair upholstered in bonded black leather and PVC padded seat and back for all-day comfort and support	844	623	17	https://i.seadn.io/s/raw/files/43445c33ca9a539dbc18f39f89c4550c.jpg?auto=format&dpr=1&w=384	f	2024-07-22 05:04:15.331+00	2024-07-22 05:04:15.331+00	1
111	Tasty Wooden Salad	The slim & simple Maple Gaming Keyboard from Dev Byte comes with a sleek body and 7- Color RGB LED Back-lighting for smart functionality	734	603	17	https://i.seadn.io/s/raw/files/43445c33ca9a539dbc18f39f89c4550c.jpg?auto=format&dpr=1&w=384	f	2024-07-22 05:04:15.348+00	2024-07-22 05:04:15.348+00	1
121	Bespoke Metal Shoes	The slim & simple Maple Gaming Keyboard from Dev Byte comes with a sleek body and 7- Color RGB LED Back-lighting for smart functionality	997	362	15	https://i.seadn.io/s/raw/files/43445c33ca9a539dbc18f39f89c4550c.jpg?auto=format&dpr=1&w=384	f	2024-07-22 05:04:15.369+00	2024-07-22 05:04:15.369+00	1
132	Refined Bronze Sausages	Andy shoes are designed to keeping in mind durability as well as trends, the most stylish range of shoes & sandals	839	1512	12	https://i.seadn.io/s/raw/files/43445c33ca9a539dbc18f39f89c4550c.jpg?auto=format&dpr=1&w=384	f	2024-07-22 05:04:15.388+00	2024-07-22 05:04:15.388+00	1
142	Oriental Cotton Bike	Andy shoes are designed to keeping in mind durability as well as trends, the most stylish range of shoes & sandals	334	1467	17	https://i.seadn.io/s/raw/files/43445c33ca9a539dbc18f39f89c4550c.jpg?auto=format&dpr=1&w=384	f	2024-07-22 05:04:15.405+00	2024-07-22 05:04:15.405+00	1
152	Tasty Wooden Pizza	The Football Is Good For Training And Recreational Purposes	11	692	8	https://i.seadn.io/s/raw/files/43445c33ca9a539dbc18f39f89c4550c.jpg?auto=format&dpr=1&w=384	f	2024-07-22 05:04:15.423+00	2024-07-22 05:04:15.423+00	1
161	Incredible Fresh Towels	The Nagasaki Lander is the trademarked name of several series of Nagasaki sport bikes, that started with the 1984 ABC800J	269	126	17	https://i.seadn.io/s/raw/files/43445c33ca9a539dbc18f39f89c4550c.jpg?auto=format&dpr=1&w=384	f	2024-07-22 05:04:15.438+00	2024-07-22 05:04:15.438+00	1
170	Sleek Frozen Table	The slim & simple Maple Gaming Keyboard from Dev Byte comes with a sleek body and 7- Color RGB LED Back-lighting for smart functionality	121	478	6	https://i.seadn.io/s/raw/files/43445c33ca9a539dbc18f39f89c4550c.jpg?auto=format&dpr=1&w=384	f	2024-07-22 05:04:15.452+00	2024-07-22 05:04:15.452+00	1
180	Handcrafted Granite Chicken	Ergonomic executive chair upholstered in bonded black leather and PVC padded seat and back for all-day comfort and support	504	1603	9	https://i.seadn.io/s/raw/files/43445c33ca9a539dbc18f39f89c4550c.jpg?auto=format&dpr=1&w=384	f	2024-07-22 05:04:15.471+00	2024-07-22 05:04:15.471+00	1
190	Refined Granite Car	The slim & simple Maple Gaming Keyboard from Dev Byte comes with a sleek body and 7- Color RGB LED Back-lighting for smart functionality	496	599	17	https://i.seadn.io/s/raw/files/43445c33ca9a539dbc18f39f89c4550c.jpg?auto=format&dpr=1&w=384	f	2024-07-22 05:04:15.489+00	2024-07-22 05:04:15.489+00	1
200	Recycled Concrete Table	New ABC 13 9370, 13.3, 5th Gen CoreA5-8250U, 8GB RAM, 256GB SSD, power UHD Graphics, OS 10 Home, OS Office A & J 2016	597	811	6	https://i.seadn.io/s/raw/files/43445c33ca9a539dbc18f39f89c4550c.jpg?auto=format&dpr=1&w=384	f	2024-07-22 05:04:15.507+00	2024-07-22 05:04:15.507+00	1
209	Tasty Frozen Chair	The automobile layout consists of a front-engine design, with transaxle-type transmissions mounted at the rear of the engine and four wheel drive	59	1150	22	https://i.seadn.io/s/raw/files/43445c33ca9a539dbc18f39f89c4550c.jpg?auto=format&dpr=1&w=384	f	2024-07-22 05:04:15.522+00	2024-07-22 05:04:15.522+00	1
219	Intelligent Bronze Pizza	The beautiful range of Apple Natural that has an exciting mix of natural ingredients. With the Goodness of 100% Natural Ingredients	488	624	8	https://i.seadn.io/s/raw/files/43445c33ca9a539dbc18f39f89c4550c.jpg?auto=format&dpr=1&w=384	f	2024-07-22 05:04:15.539+00	2024-07-22 05:04:15.539+00	1
229	Ergonomic Steel Car	The Football Is Good For Training And Recreational Purposes	314	963	9	https://i.seadn.io/s/raw/files/43445c33ca9a539dbc18f39f89c4550c.jpg?auto=format&dpr=1&w=384	f	2024-07-22 05:04:15.555+00	2024-07-22 05:04:15.555+00	1
239	Electronic Fresh Chair	The Nagasaki Lander is the trademarked name of several series of Nagasaki sport bikes, that started with the 1984 ABC800J	609	908	12	https://i.seadn.io/s/raw/files/43445c33ca9a539dbc18f39f89c4550c.jpg?auto=format&dpr=1&w=384	f	2024-07-22 05:04:15.576+00	2024-07-22 05:04:15.576+00	1
249	Ergonomic Granite Cheese	The Nagasaki Lander is the trademarked name of several series of Nagasaki sport bikes, that started with the 1984 ABC800J	585	1044	16	https://i.seadn.io/s/raw/files/43445c33ca9a539dbc18f39f89c4550c.jpg?auto=format&dpr=1&w=384	f	2024-07-22 05:04:15.593+00	2024-07-22 05:04:15.593+00	1
259	Rustic Concrete Towels	New ABC 13 9370, 13.3, 5th Gen CoreA5-8250U, 8GB RAM, 256GB SSD, power UHD Graphics, OS 10 Home, OS Office A & J 2016	831	526	16	https://i.seadn.io/s/raw/files/43445c33ca9a539dbc18f39f89c4550c.jpg?auto=format&dpr=1&w=384	f	2024-07-22 05:04:15.613+00	2024-07-22 05:04:15.613+00	1
269	Gorgeous Frozen Towels	The slim & simple Maple Gaming Keyboard from Dev Byte comes with a sleek body and 7- Color RGB LED Back-lighting for smart functionality	933	1337	5	https://i.seadn.io/s/raw/files/43445c33ca9a539dbc18f39f89c4550c.jpg?auto=format&dpr=1&w=384	f	2024-07-22 05:04:15.629+00	2024-07-22 05:04:15.629+00	1
279	Fantastic Bronze Chair	New range of formal shirts are designed keeping you in mind. With fits and styling that will make you stand apart	474	276	10	https://i.seadn.io/s/raw/files/43445c33ca9a539dbc18f39f89c4550c.jpg?auto=format&dpr=1&w=384	f	2024-07-22 05:04:15.648+00	2024-07-22 05:04:15.648+00	1
289	Electronic Soft Fish	Andy shoes are designed to keeping in mind durability as well as trends, the most stylish range of shoes & sandals	911	45	17	https://i.seadn.io/s/raw/files/43445c33ca9a539dbc18f39f89c4550c.jpg?auto=format&dpr=1&w=384	f	2024-07-22 05:04:15.668+00	2024-07-22 05:04:15.668+00	1
29	Electronic Cotton Keyboard	The slim & simple Maple Gaming Keyboard from Dev Byte comes with a sleek body and 7- Color RGB LED Back-lighting for smart functionality	318	858	7	https://i.seadn.io/s/raw/files/43445c33ca9a539dbc18f39f89c4550c.jpg?auto=format&dpr=1&w=384	f	2024-07-22 05:04:15.196+00	2024-07-22 05:04:15.196+00	1
42	Fantastic Cotton Keyboard	New range of formal shirts are designed keeping you in mind. With fits and styling that will make you stand apart	458	536	17	https://i.seadn.io/s/raw/files/43445c33ca9a539dbc18f39f89c4550c.jpg?auto=format&dpr=1&w=384	f	2024-07-22 05:04:15.219+00	2024-07-22 05:04:15.219+00	1
49	Oriental Fresh Fish	The slim & simple Maple Gaming Keyboard from Dev Byte comes with a sleek body and 7- Color RGB LED Back-lighting for smart functionality	605	1100	11	https://i.seadn.io/s/raw/files/43445c33ca9a539dbc18f39f89c4550c.jpg?auto=format&dpr=1&w=384	f	2024-07-22 05:04:15.234+00	2024-07-22 05:04:15.234+00	1
59	Sleek Fresh Pizza	Boston's most advanced compression wear technology increases muscle oxygenation, stabilizes active muscles	667	1298	14	https://i.seadn.io/s/raw/files/43445c33ca9a539dbc18f39f89c4550c.jpg?auto=format&dpr=1&w=384	f	2024-07-22 05:04:15.251+00	2024-07-22 05:04:15.251+00	1
78	Bespoke Rubber Cheese	New range of formal shirts are designed keeping you in mind. With fits and styling that will make you stand apart	760	1820	4	https://i.seadn.io/s/raw/files/43445c33ca9a539dbc18f39f89c4550c.jpg?auto=format&dpr=1&w=384	f	2024-07-22 05:04:15.288+00	2024-07-22 05:04:15.288+00	1
88	Elegant Concrete Soap	The Football Is Good For Training And Recreational Purposes	325	64	16	https://i.seadn.io/s/raw/files/43445c33ca9a539dbc18f39f89c4550c.jpg?auto=format&dpr=1&w=384	f	2024-07-22 05:04:15.306+00	2024-07-22 05:04:15.306+00	1
98	Awesome Plastic Mouse	New ABC 13 9370, 13.3, 5th Gen CoreA5-8250U, 8GB RAM, 256GB SSD, power UHD Graphics, OS 10 Home, OS Office A & J 2016	578	690	15	https://i.seadn.io/s/raw/files/43445c33ca9a539dbc18f39f89c4550c.jpg?auto=format&dpr=1&w=384	f	2024-07-22 05:04:15.327+00	2024-07-22 05:04:15.327+00	1
108	Luxurious Concrete Tuna	New ABC 13 9370, 13.3, 5th Gen CoreA5-8250U, 8GB RAM, 256GB SSD, power UHD Graphics, OS 10 Home, OS Office A & J 2016	330	1753	22	https://i.seadn.io/s/raw/files/43445c33ca9a539dbc18f39f89c4550c.jpg?auto=format&dpr=1&w=384	f	2024-07-22 05:04:15.343+00	2024-07-22 05:04:15.343+00	1
118	Licensed Bronze Cheese	The Football Is Good For Training And Recreational Purposes	150	1308	16	https://i.seadn.io/s/raw/files/43445c33ca9a539dbc18f39f89c4550c.jpg?auto=format&dpr=1&w=384	f	2024-07-22 05:04:15.363+00	2024-07-22 05:04:15.363+00	1
128	Intelligent Bronze Car	New ABC 13 9370, 13.3, 5th Gen CoreA5-8250U, 8GB RAM, 256GB SSD, power UHD Graphics, OS 10 Home, OS Office A & J 2016	785	396	20	https://i.seadn.io/s/raw/files/43445c33ca9a539dbc18f39f89c4550c.jpg?auto=format&dpr=1&w=384	f	2024-07-22 05:04:15.381+00	2024-07-22 05:04:15.381+00	1
140	Rustic Granite Pizza	The slim & simple Maple Gaming Keyboard from Dev Byte comes with a sleek body and 7- Color RGB LED Back-lighting for smart functionality	769	1373	21	https://i.seadn.io/s/raw/files/43445c33ca9a539dbc18f39f89c4550c.jpg?auto=format&dpr=1&w=384	f	2024-07-22 05:04:15.402+00	2024-07-22 05:04:15.402+00	1
150	Oriental Plastic Hat	Boston's most advanced compression wear technology increases muscle oxygenation, stabilizes active muscles	723	1516	16	https://i.seadn.io/s/raw/files/43445c33ca9a539dbc18f39f89c4550c.jpg?auto=format&dpr=1&w=384	f	2024-07-22 05:04:15.419+00	2024-07-22 05:04:15.419+00	1
160	Fantastic Plastic Keyboard	The Apollotech B340 is an affordable wireless mouse with reliable connectivity, 12 months battery life and modern design	609	990	4	https://i.seadn.io/s/raw/files/43445c33ca9a539dbc18f39f89c4550c.jpg?auto=format&dpr=1&w=384	f	2024-07-22 05:04:15.437+00	2024-07-22 05:04:15.437+00	1
169	Luxurious Soft Chair	The slim & simple Maple Gaming Keyboard from Dev Byte comes with a sleek body and 7- Color RGB LED Back-lighting for smart functionality	23	688	14	https://i.seadn.io/s/raw/files/43445c33ca9a539dbc18f39f89c4550c.jpg?auto=format&dpr=1&w=384	f	2024-07-22 05:04:15.451+00	2024-07-22 05:04:15.451+00	1
179	Fantastic Soft Sausages	The Nagasaki Lander is the trademarked name of several series of Nagasaki sport bikes, that started with the 1984 ABC800J	57	1861	14	https://i.seadn.io/s/raw/files/43445c33ca9a539dbc18f39f89c4550c.jpg?auto=format&dpr=1&w=384	f	2024-07-22 05:04:15.469+00	2024-07-22 05:04:15.469+00	1
189	Refined Cotton Keyboard	The slim & simple Maple Gaming Keyboard from Dev Byte comes with a sleek body and 7- Color RGB LED Back-lighting for smart functionality	407	396	9	https://i.seadn.io/s/raw/files/43445c33ca9a539dbc18f39f89c4550c.jpg?auto=format&dpr=1&w=384	f	2024-07-22 05:04:15.487+00	2024-07-22 05:04:15.487+00	1
199	Luxurious Bronze Shirt	The automobile layout consists of a front-engine design, with transaxle-type transmissions mounted at the rear of the engine and four wheel drive	34	1464	23	https://i.seadn.io/s/raw/files/43445c33ca9a539dbc18f39f89c4550c.jpg?auto=format&dpr=1&w=384	f	2024-07-22 05:04:15.505+00	2024-07-22 05:04:15.505+00	1
208	Electronic Frozen Salad	New ABC 13 9370, 13.3, 5th Gen CoreA5-8250U, 8GB RAM, 256GB SSD, power UHD Graphics, OS 10 Home, OS Office A & J 2016	954	1720	11	https://i.seadn.io/s/raw/files/43445c33ca9a539dbc18f39f89c4550c.jpg?auto=format&dpr=1&w=384	f	2024-07-22 05:04:15.52+00	2024-07-22 05:04:15.52+00	1
218	Handcrafted Bronze Chicken	The automobile layout consists of a front-engine design, with transaxle-type transmissions mounted at the rear of the engine and four wheel drive	144	1782	21	https://i.seadn.io/s/raw/files/43445c33ca9a539dbc18f39f89c4550c.jpg?auto=format&dpr=1&w=384	f	2024-07-22 05:04:15.537+00	2024-07-22 05:04:15.537+00	1
228	Tasty Rubber Pizza	The slim & simple Maple Gaming Keyboard from Dev Byte comes with a sleek body and 7- Color RGB LED Back-lighting for smart functionality	165	875	6	https://i.seadn.io/s/raw/files/43445c33ca9a539dbc18f39f89c4550c.jpg?auto=format&dpr=1&w=384	f	2024-07-22 05:04:15.554+00	2024-07-22 05:04:15.554+00	1
238	Awesome Rubber Computer	The Apollotech B340 is an affordable wireless mouse with reliable connectivity, 12 months battery life and modern design	255	1645	15	https://i.seadn.io/s/raw/files/43445c33ca9a539dbc18f39f89c4550c.jpg?auto=format&dpr=1&w=384	f	2024-07-22 05:04:15.574+00	2024-07-22 05:04:15.574+00	1
248	Bespoke Fresh Chicken	New range of formal shirts are designed keeping you in mind. With fits and styling that will make you stand apart	208	1406	9	https://i.seadn.io/s/raw/files/43445c33ca9a539dbc18f39f89c4550c.jpg?auto=format&dpr=1&w=384	f	2024-07-22 05:04:15.591+00	2024-07-22 05:04:15.591+00	1
258	Sleek Granite Towels	The automobile layout consists of a front-engine design, with transaxle-type transmissions mounted at the rear of the engine and four wheel drive	122	244	23	https://i.seadn.io/s/raw/files/43445c33ca9a539dbc18f39f89c4550c.jpg?auto=format&dpr=1&w=384	f	2024-07-22 05:04:15.611+00	2024-07-22 05:04:15.611+00	1
268	Intelligent Granite Mouse	New ABC 13 9370, 13.3, 5th Gen CoreA5-8250U, 8GB RAM, 256GB SSD, power UHD Graphics, OS 10 Home, OS Office A & J 2016	626	1908	6	https://i.seadn.io/s/raw/files/43445c33ca9a539dbc18f39f89c4550c.jpg?auto=format&dpr=1&w=384	f	2024-07-22 05:04:15.628+00	2024-07-22 05:04:15.628+00	1
278	Handcrafted Frozen Sausages	The slim & simple Maple Gaming Keyboard from Dev Byte comes with a sleek body and 7- Color RGB LED Back-lighting for smart functionality	253	491	22	https://i.seadn.io/s/raw/files/43445c33ca9a539dbc18f39f89c4550c.jpg?auto=format&dpr=1&w=384	f	2024-07-22 05:04:15.646+00	2024-07-22 05:04:15.646+00	1
30	Tasty Plastic Table	The automobile layout consists of a front-engine design, with transaxle-type transmissions mounted at the rear of the engine and four wheel drive	919	927	15	https://i.seadn.io/s/raw/files/43445c33ca9a539dbc18f39f89c4550c.jpg?auto=format&dpr=1&w=384	f	2024-07-22 05:04:15.198+00	2024-07-22 05:04:15.198+00	1
40	Recycled Bronze Cheese	Andy shoes are designed to keeping in mind durability as well as trends, the most stylish range of shoes & sandals	700	1091	15	https://i.seadn.io/s/raw/files/43445c33ca9a539dbc18f39f89c4550c.jpg?auto=format&dpr=1&w=384	f	2024-07-22 05:04:15.216+00	2024-07-22 05:04:15.216+00	1
48	Bespoke Frozen Mouse	Andy shoes are designed to keeping in mind durability as well as trends, the most stylish range of shoes & sandals	17	1256	20	https://i.seadn.io/s/raw/files/43445c33ca9a539dbc18f39f89c4550c.jpg?auto=format&dpr=1&w=384	f	2024-07-22 05:04:15.232+00	2024-07-22 05:04:15.232+00	1
58	Unbranded Frozen Hat	The slim & simple Maple Gaming Keyboard from Dev Byte comes with a sleek body and 7- Color RGB LED Back-lighting for smart functionality	910	146	23	https://i.seadn.io/s/raw/files/43445c33ca9a539dbc18f39f89c4550c.jpg?auto=format&dpr=1&w=384	f	2024-07-22 05:04:15.25+00	2024-07-22 05:04:15.25+00	1
68	Tasty Frozen Computer	The automobile layout consists of a front-engine design, with transaxle-type transmissions mounted at the rear of the engine and four wheel drive	145	1568	19	https://i.seadn.io/s/raw/files/43445c33ca9a539dbc18f39f89c4550c.jpg?auto=format&dpr=1&w=384	f	2024-07-22 05:04:15.27+00	2024-07-22 05:04:15.27+00	1
79	Luxurious Wooden Chips	Carbonite web goalkeeper gloves are ergonomically designed to give easy fit	705	953	4	https://i.seadn.io/s/raw/files/43445c33ca9a539dbc18f39f89c4550c.jpg?auto=format&dpr=1&w=384	f	2024-07-22 05:04:15.29+00	2024-07-22 05:04:15.29+00	1
93	Licensed Bronze Shoes	The beautiful range of Apple Natural that has an exciting mix of natural ingredients. With the Goodness of 100% Natural Ingredients	777	640	22	https://i.seadn.io/s/raw/files/43445c33ca9a539dbc18f39f89c4550c.jpg?auto=format&dpr=1&w=384	f	2024-07-22 05:04:15.318+00	2024-07-22 05:04:15.318+00	1
102	Elegant Metal Shoes	Ergonomic executive chair upholstered in bonded black leather and PVC padded seat and back for all-day comfort and support	679	60	15	https://i.seadn.io/s/raw/files/43445c33ca9a539dbc18f39f89c4550c.jpg?auto=format&dpr=1&w=384	f	2024-07-22 05:04:15.333+00	2024-07-22 05:04:15.333+00	1
112	Licensed Fresh Pants	Carbonite web goalkeeper gloves are ergonomically designed to give easy fit	287	1487	9	https://i.seadn.io/s/raw/files/43445c33ca9a539dbc18f39f89c4550c.jpg?auto=format&dpr=1&w=384	f	2024-07-22 05:04:15.35+00	2024-07-22 05:04:15.35+00	1
122	Awesome Plastic Mouse	The Football Is Good For Training And Recreational Purposes	415	1071	10	https://i.seadn.io/s/raw/files/43445c33ca9a539dbc18f39f89c4550c.jpg?auto=format&dpr=1&w=384	f	2024-07-22 05:04:15.371+00	2024-07-22 05:04:15.371+00	1
131	Luxurious Fresh Car	Andy shoes are designed to keeping in mind durability as well as trends, the most stylish range of shoes & sandals	380	433	18	https://i.seadn.io/s/raw/files/43445c33ca9a539dbc18f39f89c4550c.jpg?auto=format&dpr=1&w=384	f	2024-07-22 05:04:15.386+00	2024-07-22 05:04:15.386+00	1
141	Handmade Soft Salad	New range of formal shirts are designed keeping you in mind. With fits and styling that will make you stand apart	817	1652	15	https://i.seadn.io/s/raw/files/43445c33ca9a539dbc18f39f89c4550c.jpg?auto=format&dpr=1&w=384	f	2024-07-22 05:04:15.403+00	2024-07-22 05:04:15.403+00	1
151	Practical Granite Bike	The Apollotech B340 is an affordable wireless mouse with reliable connectivity, 12 months battery life and modern design	723	1689	19	https://i.seadn.io/s/raw/files/43445c33ca9a539dbc18f39f89c4550c.jpg?auto=format&dpr=1&w=384	f	2024-07-22 05:04:15.421+00	2024-07-22 05:04:15.421+00	1
162	Rustic Granite Shoes	New range of formal shirts are designed keeping you in mind. With fits and styling that will make you stand apart	993	1461	9	https://i.seadn.io/s/raw/files/43445c33ca9a539dbc18f39f89c4550c.jpg?auto=format&dpr=1&w=384	f	2024-07-22 05:04:15.44+00	2024-07-22 05:04:15.44+00	1
172	Awesome Fresh Gloves	Andy shoes are designed to keeping in mind durability as well as trends, the most stylish range of shoes & sandals	656	97	18	https://i.seadn.io/s/raw/files/43445c33ca9a539dbc18f39f89c4550c.jpg?auto=format&dpr=1&w=384	f	2024-07-22 05:04:15.455+00	2024-07-22 05:04:15.455+00	1
182	Sleek Frozen Cheese	The Nagasaki Lander is the trademarked name of several series of Nagasaki sport bikes, that started with the 1984 ABC800J	453	1103	19	https://i.seadn.io/s/raw/files/43445c33ca9a539dbc18f39f89c4550c.jpg?auto=format&dpr=1&w=384	f	2024-07-22 05:04:15.475+00	2024-07-22 05:04:15.475+00	1
192	Licensed Granite Table	The Nagasaki Lander is the trademarked name of several series of Nagasaki sport bikes, that started with the 1984 ABC800J	238	149	16	https://i.seadn.io/s/raw/files/43445c33ca9a539dbc18f39f89c4550c.jpg?auto=format&dpr=1&w=384	f	2024-07-22 05:04:15.493+00	2024-07-22 05:04:15.493+00	1
202	Recycled Fresh Pants	New range of formal shirts are designed keeping you in mind. With fits and styling that will make you stand apart	885	1777	16	https://i.seadn.io/s/raw/files/43445c33ca9a539dbc18f39f89c4550c.jpg?auto=format&dpr=1&w=384	f	2024-07-22 05:04:15.511+00	2024-07-22 05:04:15.511+00	1
212	Generic Bronze Computer	New ABC 13 9370, 13.3, 5th Gen CoreA5-8250U, 8GB RAM, 256GB SSD, power UHD Graphics, OS 10 Home, OS Office A & J 2016	706	58	23	https://i.seadn.io/s/raw/files/43445c33ca9a539dbc18f39f89c4550c.jpg?auto=format&dpr=1&w=384	f	2024-07-22 05:04:15.528+00	2024-07-22 05:04:15.528+00	1
222	Oriental Granite Gloves	New range of formal shirts are designed keeping you in mind. With fits and styling that will make you stand apart	279	603	11	https://i.seadn.io/s/raw/files/43445c33ca9a539dbc18f39f89c4550c.jpg?auto=format&dpr=1&w=384	f	2024-07-22 05:04:15.544+00	2024-07-22 05:04:15.544+00	1
232	Ergonomic Soft Cheese	The Apollotech B340 is an affordable wireless mouse with reliable connectivity, 12 months battery life and modern design	330	476	11	https://i.seadn.io/s/raw/files/43445c33ca9a539dbc18f39f89c4550c.jpg?auto=format&dpr=1&w=384	f	2024-07-22 05:04:15.565+00	2024-07-22 05:04:15.565+00	1
242	Licensed Soft Sausages	The beautiful range of Apple Natural that has an exciting mix of natural ingredients. With the Goodness of 100% Natural Ingredients	388	479	22	https://i.seadn.io/s/raw/files/43445c33ca9a539dbc18f39f89c4550c.jpg?auto=format&dpr=1&w=384	f	2024-07-22 05:04:15.581+00	2024-07-22 05:04:15.581+00	1
252	Recycled Metal Pizza	The Apollotech B340 is an affordable wireless mouse with reliable connectivity, 12 months battery life and modern design	835	374	11	https://i.seadn.io/s/raw/files/43445c33ca9a539dbc18f39f89c4550c.jpg?auto=format&dpr=1&w=384	f	2024-07-22 05:04:15.599+00	2024-07-22 05:04:15.599+00	1
261	Modern Metal Hat	Ergonomic executive chair upholstered in bonded black leather and PVC padded seat and back for all-day comfort and support	311	692	21	https://i.seadn.io/s/raw/files/43445c33ca9a539dbc18f39f89c4550c.jpg?auto=format&dpr=1&w=384	f	2024-07-22 05:04:15.616+00	2024-07-22 05:04:15.616+00	1
271	Small Rubber Ball	The Nagasaki Lander is the trademarked name of several series of Nagasaki sport bikes, that started with the 1984 ABC800J	585	1684	18	https://i.seadn.io/s/raw/files/43445c33ca9a539dbc18f39f89c4550c.jpg?auto=format&dpr=1&w=384	f	2024-07-22 05:04:15.633+00	2024-07-22 05:04:15.633+00	1
280	Unbranded Cotton Pants	The slim & simple Maple Gaming Keyboard from Dev Byte comes with a sleek body and 7- Color RGB LED Back-lighting for smart functionality	361	984	4	https://i.seadn.io/s/raw/files/43445c33ca9a539dbc18f39f89c4550c.jpg?auto=format&dpr=1&w=384	f	2024-07-22 05:04:15.651+00	2024-07-22 05:04:15.651+00	1
290	Unbranded Cotton Fish	The slim & simple Maple Gaming Keyboard from Dev Byte comes with a sleek body and 7- Color RGB LED Back-lighting for smart functionality	292	1736	22	https://i.seadn.io/s/raw/files/43445c33ca9a539dbc18f39f89c4550c.jpg?auto=format&dpr=1&w=384	f	2024-07-22 05:04:15.669+00	2024-07-22 05:04:15.669+00	1
31	Unbranded Steel Chips	The Football Is Good For Training And Recreational Purposes	16	1202	23	https://i.seadn.io/s/raw/files/43445c33ca9a539dbc18f39f89c4550c.jpg?auto=format&dpr=1&w=384	f	2024-07-22 05:04:15.199+00	2024-07-22 05:04:15.199+00	1
39	Bespoke Rubber Shirt	The beautiful range of Apple Natural that has an exciting mix of natural ingredients. With the Goodness of 100% Natural Ingredients	50	743	5	https://i.seadn.io/s/raw/files/43445c33ca9a539dbc18f39f89c4550c.jpg?auto=format&dpr=1&w=384	f	2024-07-22 05:04:15.214+00	2024-07-22 05:04:15.214+00	1
51	Unbranded Steel Ball	Carbonite web goalkeeper gloves are ergonomically designed to give easy fit	12	1887	12	https://i.seadn.io/s/raw/files/43445c33ca9a539dbc18f39f89c4550c.jpg?auto=format&dpr=1&w=384	f	2024-07-22 05:04:15.237+00	2024-07-22 05:04:15.237+00	1
60	Small Wooden Gloves	The beautiful range of Apple Natural that has an exciting mix of natural ingredients. With the Goodness of 100% Natural Ingredients	501	1436	15	https://i.seadn.io/s/raw/files/43445c33ca9a539dbc18f39f89c4550c.jpg?auto=format&dpr=1&w=384	f	2024-07-22 05:04:15.253+00	2024-07-22 05:04:15.253+00	1
70	Recycled Fresh Table	Andy shoes are designed to keeping in mind durability as well as trends, the most stylish range of shoes & sandals	874	1941	13	https://i.seadn.io/s/raw/files/43445c33ca9a539dbc18f39f89c4550c.jpg?auto=format&dpr=1&w=384	f	2024-07-22 05:04:15.274+00	2024-07-22 05:04:15.274+00	1
80	Electronic Plastic Sausages	The Apollotech B340 is an affordable wireless mouse with reliable connectivity, 12 months battery life and modern design	646	1702	18	https://i.seadn.io/s/raw/files/43445c33ca9a539dbc18f39f89c4550c.jpg?auto=format&dpr=1&w=384	f	2024-07-22 05:04:15.292+00	2024-07-22 05:04:15.292+00	1
90	Oriental Wooden Mouse	The Apollotech B340 is an affordable wireless mouse with reliable connectivity, 12 months battery life and modern design	285	557	21	https://i.seadn.io/s/raw/files/43445c33ca9a539dbc18f39f89c4550c.jpg?auto=format&dpr=1&w=384	f	2024-07-22 05:04:15.311+00	2024-07-22 05:04:15.311+00	1
99	Ergonomic Wooden Tuna	Ergonomic executive chair upholstered in bonded black leather and PVC padded seat and back for all-day comfort and support	323	415	5	https://i.seadn.io/s/raw/files/43445c33ca9a539dbc18f39f89c4550c.jpg?auto=format&dpr=1&w=384	f	2024-07-22 05:04:15.328+00	2024-07-22 05:04:15.328+00	1
109	Incredible Granite Shirt	New ABC 13 9370, 13.3, 5th Gen CoreA5-8250U, 8GB RAM, 256GB SSD, power UHD Graphics, OS 10 Home, OS Office A & J 2016	325	1049	6	https://i.seadn.io/s/raw/files/43445c33ca9a539dbc18f39f89c4550c.jpg?auto=format&dpr=1&w=384	f	2024-07-22 05:04:15.345+00	2024-07-22 05:04:15.345+00	1
119	Modern Soft Towels	Ergonomic executive chair upholstered in bonded black leather and PVC padded seat and back for all-day comfort and support	278	601	15	https://i.seadn.io/s/raw/files/43445c33ca9a539dbc18f39f89c4550c.jpg?auto=format&dpr=1&w=384	f	2024-07-22 05:04:15.365+00	2024-07-22 05:04:15.365+00	1
129	Elegant Fresh Tuna	Carbonite web goalkeeper gloves are ergonomically designed to give easy fit	394	1796	14	https://i.seadn.io/s/raw/files/43445c33ca9a539dbc18f39f89c4550c.jpg?auto=format&dpr=1&w=384	f	2024-07-22 05:04:15.383+00	2024-07-22 05:04:15.383+00	1
138	Practical Rubber Mouse	The slim & simple Maple Gaming Keyboard from Dev Byte comes with a sleek body and 7- Color RGB LED Back-lighting for smart functionality	530	1799	12	https://i.seadn.io/s/raw/files/43445c33ca9a539dbc18f39f89c4550c.jpg?auto=format&dpr=1&w=384	f	2024-07-22 05:04:15.398+00	2024-07-22 05:04:15.398+00	1
148	Recycled Rubber Tuna	The Nagasaki Lander is the trademarked name of several series of Nagasaki sport bikes, that started with the 1984 ABC800J	654	852	14	https://i.seadn.io/s/raw/files/43445c33ca9a539dbc18f39f89c4550c.jpg?auto=format&dpr=1&w=384	f	2024-07-22 05:04:15.415+00	2024-07-22 05:04:15.415+00	1
157	Modern Concrete Chair	The Apollotech B340 is an affordable wireless mouse with reliable connectivity, 12 months battery life and modern design	723	1777	4	https://i.seadn.io/s/raw/files/43445c33ca9a539dbc18f39f89c4550c.jpg?auto=format&dpr=1&w=384	f	2024-07-22 05:04:15.433+00	2024-07-22 05:04:15.433+00	1
167	Electronic Soft Mouse	Andy shoes are designed to keeping in mind durability as well as trends, the most stylish range of shoes & sandals	406	1472	6	https://i.seadn.io/s/raw/files/43445c33ca9a539dbc18f39f89c4550c.jpg?auto=format&dpr=1&w=384	f	2024-07-22 05:04:15.448+00	2024-07-22 05:04:15.448+00	1
177	Sleek Fresh Cheese	The automobile layout consists of a front-engine design, with transaxle-type transmissions mounted at the rear of the engine and four wheel drive	337	954	5	https://i.seadn.io/s/raw/files/43445c33ca9a539dbc18f39f89c4550c.jpg?auto=format&dpr=1&w=384	f	2024-07-22 05:04:15.464+00	2024-07-22 05:04:15.464+00	1
187	Fantastic Cotton Hat	Carbonite web goalkeeper gloves are ergonomically designed to give easy fit	736	1821	22	https://i.seadn.io/s/raw/files/43445c33ca9a539dbc18f39f89c4550c.jpg?auto=format&dpr=1&w=384	f	2024-07-22 05:04:15.484+00	2024-07-22 05:04:15.484+00	1
197	Modern Soft Car	The slim & simple Maple Gaming Keyboard from Dev Byte comes with a sleek body and 7- Color RGB LED Back-lighting for smart functionality	265	1963	14	https://i.seadn.io/s/raw/files/43445c33ca9a539dbc18f39f89c4550c.jpg?auto=format&dpr=1&w=384	f	2024-07-22 05:04:15.502+00	2024-07-22 05:04:15.502+00	1
206	Recycled Fresh Sausages	The Football Is Good For Training And Recreational Purposes	61	1964	20	https://i.seadn.io/s/raw/files/43445c33ca9a539dbc18f39f89c4550c.jpg?auto=format&dpr=1&w=384	f	2024-07-22 05:04:15.517+00	2024-07-22 05:04:15.517+00	1
216	Awesome Concrete Chicken	Ergonomic executive chair upholstered in bonded black leather and PVC padded seat and back for all-day comfort and support	452	1702	17	https://i.seadn.io/s/raw/files/43445c33ca9a539dbc18f39f89c4550c.jpg?auto=format&dpr=1&w=384	f	2024-07-22 05:04:15.534+00	2024-07-22 05:04:15.534+00	1
236	Rustic Plastic Gloves	The Apollotech B340 is an affordable wireless mouse with reliable connectivity, 12 months battery life and modern design	231	1687	15	https://i.seadn.io/s/raw/files/43445c33ca9a539dbc18f39f89c4550c.jpg?auto=format&dpr=1&w=384	f	2024-07-22 05:04:15.571+00	2024-07-22 05:04:15.571+00	1
246	Generic Steel Pizza	New ABC 13 9370, 13.3, 5th Gen CoreA5-8250U, 8GB RAM, 256GB SSD, power UHD Graphics, OS 10 Home, OS Office A & J 2016	307	840	10	https://i.seadn.io/s/raw/files/43445c33ca9a539dbc18f39f89c4550c.jpg?auto=format&dpr=1&w=384	f	2024-07-22 05:04:15.587+00	2024-07-22 05:04:15.587+00	1
256	Intelligent Metal Keyboard	Carbonite web goalkeeper gloves are ergonomically designed to give easy fit	707	907	9	https://i.seadn.io/s/raw/files/43445c33ca9a539dbc18f39f89c4550c.jpg?auto=format&dpr=1&w=384	f	2024-07-22 05:04:15.606+00	2024-07-22 05:04:15.606+00	1
266	Handmade Cotton Keyboard	The Nagasaki Lander is the trademarked name of several series of Nagasaki sport bikes, that started with the 1984 ABC800J	568	159	16	https://i.seadn.io/s/raw/files/43445c33ca9a539dbc18f39f89c4550c.jpg?auto=format&dpr=1&w=384	f	2024-07-22 05:04:15.624+00	2024-07-22 05:04:15.624+00	1
276	Unbranded Fresh Bike	The Football Is Good For Training And Recreational Purposes	378	1321	20	https://i.seadn.io/s/raw/files/43445c33ca9a539dbc18f39f89c4550c.jpg?auto=format&dpr=1&w=384	f	2024-07-22 05:04:15.642+00	2024-07-22 05:04:15.642+00	1
285	Generic Frozen Car	The automobile layout consists of a front-engine design, with transaxle-type transmissions mounted at the rear of the engine and four wheel drive	247	1769	9	https://i.seadn.io/s/raw/files/43445c33ca9a539dbc18f39f89c4550c.jpg?auto=format&dpr=1&w=384	f	2024-07-22 05:04:15.66+00	2024-07-22 05:04:15.66+00	1
32	Intelligent Plastic Computer	The beautiful range of Apple Natural that has an exciting mix of natural ingredients. With the Goodness of 100% Natural Ingredients	825	525	18	https://i.seadn.io/s/raw/files/43445c33ca9a539dbc18f39f89c4550c.jpg?auto=format&dpr=1&w=384	f	2024-07-22 05:04:15.201+00	2024-07-22 05:04:15.201+00	1
43	Awesome Fresh Sausages	The automobile layout consists of a front-engine design, with transaxle-type transmissions mounted at the rear of the engine and four wheel drive	794	638	6	https://i.seadn.io/s/raw/files/43445c33ca9a539dbc18f39f89c4550c.jpg?auto=format&dpr=1&w=384	f	2024-07-22 05:04:15.223+00	2024-07-22 05:04:15.223+00	1
54	Electronic Rubber Tuna	New range of formal shirts are designed keeping you in mind. With fits and styling that will make you stand apart	820	1122	5	https://i.seadn.io/s/raw/files/43445c33ca9a539dbc18f39f89c4550c.jpg?auto=format&dpr=1&w=384	f	2024-07-22 05:04:15.243+00	2024-07-22 05:04:15.243+00	1
65	Rustic Cotton Tuna	New ABC 13 9370, 13.3, 5th Gen CoreA5-8250U, 8GB RAM, 256GB SSD, power UHD Graphics, OS 10 Home, OS Office A & J 2016	922	1113	21	https://i.seadn.io/s/raw/files/43445c33ca9a539dbc18f39f89c4550c.jpg?auto=format&dpr=1&w=384	f	2024-07-22 05:04:15.265+00	2024-07-22 05:04:15.265+00	1
75	Handmade Fresh Salad	The Apollotech B340 is an affordable wireless mouse with reliable connectivity, 12 months battery life and modern design	920	227	6	https://i.seadn.io/s/raw/files/43445c33ca9a539dbc18f39f89c4550c.jpg?auto=format&dpr=1&w=384	f	2024-07-22 05:04:15.284+00	2024-07-22 05:04:15.284+00	1
84	Refined Concrete Salad	The Football Is Good For Training And Recreational Purposes	995	1936	10	https://i.seadn.io/s/raw/files/43445c33ca9a539dbc18f39f89c4550c.jpg?auto=format&dpr=1&w=384	f	2024-07-22 05:04:15.299+00	2024-07-22 05:04:15.299+00	1
94	Awesome Rubber Pants	The beautiful range of Apple Natural that has an exciting mix of natural ingredients. With the Goodness of 100% Natural Ingredients	24	447	19	https://i.seadn.io/s/raw/files/43445c33ca9a539dbc18f39f89c4550c.jpg?auto=format&dpr=1&w=384	f	2024-07-22 05:04:15.32+00	2024-07-22 05:04:15.32+00	1
103	Awesome Concrete Towels	Andy shoes are designed to keeping in mind durability as well as trends, the most stylish range of shoes & sandals	159	1650	16	https://i.seadn.io/s/raw/files/43445c33ca9a539dbc18f39f89c4550c.jpg?auto=format&dpr=1&w=384	f	2024-07-22 05:04:15.334+00	2024-07-22 05:04:15.334+00	1
113	Small Rubber Pants	Ergonomic executive chair upholstered in bonded black leather and PVC padded seat and back for all-day comfort and support	947	1398	11	https://i.seadn.io/s/raw/files/43445c33ca9a539dbc18f39f89c4550c.jpg?auto=format&dpr=1&w=384	f	2024-07-22 05:04:15.352+00	2024-07-22 05:04:15.352+00	1
123	Bespoke Bronze Gloves	Andy shoes are designed to keeping in mind durability as well as trends, the most stylish range of shoes & sandals	405	404	7	https://i.seadn.io/s/raw/files/43445c33ca9a539dbc18f39f89c4550c.jpg?auto=format&dpr=1&w=384	f	2024-07-22 05:04:15.373+00	2024-07-22 05:04:15.373+00	1
133	Luxurious Concrete Bike	The beautiful range of Apple Natural that has an exciting mix of natural ingredients. With the Goodness of 100% Natural Ingredients	623	1990	4	https://i.seadn.io/s/raw/files/43445c33ca9a539dbc18f39f89c4550c.jpg?auto=format&dpr=1&w=384	f	2024-07-22 05:04:15.39+00	2024-07-22 05:04:15.39+00	1
143	Intelligent Frozen Pizza	New ABC 13 9370, 13.3, 5th Gen CoreA5-8250U, 8GB RAM, 256GB SSD, power UHD Graphics, OS 10 Home, OS Office A & J 2016	866	326	13	https://i.seadn.io/s/raw/files/43445c33ca9a539dbc18f39f89c4550c.jpg?auto=format&dpr=1&w=384	f	2024-07-22 05:04:15.406+00	2024-07-22 05:04:15.407+00	1
153	Handcrafted Cotton Fish	New range of formal shirts are designed keeping you in mind. With fits and styling that will make you stand apart	550	820	19	https://i.seadn.io/s/raw/files/43445c33ca9a539dbc18f39f89c4550c.jpg?auto=format&dpr=1&w=384	f	2024-07-22 05:04:15.425+00	2024-07-22 05:04:15.425+00	1
165	Elegant Soft Shirt	The Apollotech B340 is an affordable wireless mouse with reliable connectivity, 12 months battery life and modern design	260	1470	15	https://i.seadn.io/s/raw/files/43445c33ca9a539dbc18f39f89c4550c.jpg?auto=format&dpr=1&w=384	f	2024-07-22 05:04:15.445+00	2024-07-22 05:04:15.445+00	1
175	Gorgeous Granite Computer	Boston's most advanced compression wear technology increases muscle oxygenation, stabilizes active muscles	434	1238	10	https://i.seadn.io/s/raw/files/43445c33ca9a539dbc18f39f89c4550c.jpg?auto=format&dpr=1&w=384	f	2024-07-22 05:04:15.461+00	2024-07-22 05:04:15.461+00	1
184	Fantastic Bronze Soap	Boston's most advanced compression wear technology increases muscle oxygenation, stabilizes active muscles	43	165	14	https://i.seadn.io/s/raw/files/43445c33ca9a539dbc18f39f89c4550c.jpg?auto=format&dpr=1&w=384	f	2024-07-22 05:04:15.479+00	2024-07-22 05:04:15.479+00	1
194	Small Bronze Car	Ergonomic executive chair upholstered in bonded black leather and PVC padded seat and back for all-day comfort and support	627	1522	13	https://i.seadn.io/s/raw/files/43445c33ca9a539dbc18f39f89c4550c.jpg?auto=format&dpr=1&w=384	f	2024-07-22 05:04:15.497+00	2024-07-22 05:04:15.497+00	1
204	Generic Wooden Keyboard	The Apollotech B340 is an affordable wireless mouse with reliable connectivity, 12 months battery life and modern design	883	730	17	https://i.seadn.io/s/raw/files/43445c33ca9a539dbc18f39f89c4550c.jpg?auto=format&dpr=1&w=384	f	2024-07-22 05:04:15.514+00	2024-07-22 05:04:15.514+00	1
214	Handmade Concrete Pizza	Andy shoes are designed to keeping in mind durability as well as trends, the most stylish range of shoes & sandals	579	1304	23	https://i.seadn.io/s/raw/files/43445c33ca9a539dbc18f39f89c4550c.jpg?auto=format&dpr=1&w=384	f	2024-07-22 05:04:15.531+00	2024-07-22 05:04:15.531+00	1
225	Modern Rubber Soap	Carbonite web goalkeeper gloves are ergonomically designed to give easy fit	935	866	6	https://i.seadn.io/s/raw/files/43445c33ca9a539dbc18f39f89c4550c.jpg?auto=format&dpr=1&w=384	f	2024-07-22 05:04:15.549+00	2024-07-22 05:04:15.549+00	1
235	Unbranded Plastic Fish	Carbonite web goalkeeper gloves are ergonomically designed to give easy fit	189	850	19	https://i.seadn.io/s/raw/files/43445c33ca9a539dbc18f39f89c4550c.jpg?auto=format&dpr=1&w=384	f	2024-07-22 05:04:15.569+00	2024-07-22 05:04:15.569+00	1
245	Electronic Rubber Towels	The Nagasaki Lander is the trademarked name of several series of Nagasaki sport bikes, that started with the 1984 ABC800J	407	1622	11	https://i.seadn.io/s/raw/files/43445c33ca9a539dbc18f39f89c4550c.jpg?auto=format&dpr=1&w=384	f	2024-07-22 05:04:15.586+00	2024-07-22 05:04:15.586+00	1
255	Intelligent Steel Mouse	Boston's most advanced compression wear technology increases muscle oxygenation, stabilizes active muscles	499	1604	23	https://i.seadn.io/s/raw/files/43445c33ca9a539dbc18f39f89c4550c.jpg?auto=format&dpr=1&w=384	f	2024-07-22 05:04:15.604+00	2024-07-22 05:04:15.604+00	1
265	Refined Cotton Bike	Boston's most advanced compression wear technology increases muscle oxygenation, stabilizes active muscles	653	1671	14	https://i.seadn.io/s/raw/files/43445c33ca9a539dbc18f39f89c4550c.jpg?auto=format&dpr=1&w=384	f	2024-07-22 05:04:15.622+00	2024-07-22 05:04:15.622+00	1
275	Electronic Steel Car	The Nagasaki Lander is the trademarked name of several series of Nagasaki sport bikes, that started with the 1984 ABC800J	889	1773	14	https://i.seadn.io/s/raw/files/43445c33ca9a539dbc18f39f89c4550c.jpg?auto=format&dpr=1&w=384	f	2024-07-22 05:04:15.64+00	2024-07-22 05:04:15.64+00	1
284	Ergonomic Bronze Keyboard	Andy shoes are designed to keeping in mind durability as well as trends, the most stylish range of shoes & sandals	218	1432	9	https://i.seadn.io/s/raw/files/43445c33ca9a539dbc18f39f89c4550c.jpg?auto=format&dpr=1&w=384	f	2024-07-22 05:04:15.658+00	2024-07-22 05:04:15.658+00	1
294	Ergonomic Rubber Car	Carbonite web goalkeeper gloves are ergonomically designed to give easy fit	559	1813	9	https://i.seadn.io/s/raw/files/43445c33ca9a539dbc18f39f89c4550c.jpg?auto=format&dpr=1&w=384	f	2024-07-22 05:04:15.676+00	2024-07-22 05:04:15.676+00	1
33	Fantastic Rubber Shirt	Boston's most advanced compression wear technology increases muscle oxygenation, stabilizes active muscles	185	290	21	https://i.seadn.io/s/raw/files/43445c33ca9a539dbc18f39f89c4550c.jpg?auto=format&dpr=1&w=384	f	2024-07-22 05:04:15.203+00	2024-07-22 05:04:15.203+00	1
72	Awesome Granite Gloves	The slim & simple Maple Gaming Keyboard from Dev Byte comes with a sleek body and 7- Color RGB LED Back-lighting for smart functionality	806	385	18	https://i.seadn.io/s/raw/files/43445c33ca9a539dbc18f39f89c4550c.jpg?auto=format&dpr=1&w=384	f	2024-07-22 05:04:15.279+00	2024-07-22 05:04:15.279+00	1
82	Gorgeous Steel Fish	New range of formal shirts are designed keeping you in mind. With fits and styling that will make you stand apart	761	890	13	https://i.seadn.io/s/raw/files/43445c33ca9a539dbc18f39f89c4550c.jpg?auto=format&dpr=1&w=384	f	2024-07-22 05:04:15.296+00	2024-07-22 05:04:15.296+00	1
91	Awesome Frozen Cheese	Ergonomic executive chair upholstered in bonded black leather and PVC padded seat and back for all-day comfort and support	217	682	4	https://i.seadn.io/s/raw/files/43445c33ca9a539dbc18f39f89c4550c.jpg?auto=format&dpr=1&w=384	f	2024-07-22 05:04:15.314+00	2024-07-22 05:04:15.314+00	1
100	Oriental Bronze Car	The beautiful range of Apple Natural that has an exciting mix of natural ingredients. With the Goodness of 100% Natural Ingredients	738	5	21	https://i.seadn.io/s/raw/files/43445c33ca9a539dbc18f39f89c4550c.jpg?auto=format&dpr=1&w=384	f	2024-07-22 05:04:15.33+00	2024-07-22 05:04:15.33+00	1
110	Ergonomic Soft Computer	The Football Is Good For Training And Recreational Purposes	860	414	18	https://i.seadn.io/s/raw/files/43445c33ca9a539dbc18f39f89c4550c.jpg?auto=format&dpr=1&w=384	f	2024-07-22 05:04:15.346+00	2024-07-22 05:04:15.346+00	1
120	Modern Bronze Fish	Carbonite web goalkeeper gloves are ergonomically designed to give easy fit	985	1369	19	https://i.seadn.io/s/raw/files/43445c33ca9a539dbc18f39f89c4550c.jpg?auto=format&dpr=1&w=384	f	2024-07-22 05:04:15.367+00	2024-07-22 05:04:15.367+00	1
130	Incredible Wooden Car	The beautiful range of Apple Natural that has an exciting mix of natural ingredients. With the Goodness of 100% Natural Ingredients	76	1183	16	https://i.seadn.io/s/raw/files/43445c33ca9a539dbc18f39f89c4550c.jpg?auto=format&dpr=1&w=384	f	2024-07-22 05:04:15.385+00	2024-07-22 05:04:15.385+00	1
139	Rustic Steel Tuna	Andy shoes are designed to keeping in mind durability as well as trends, the most stylish range of shoes & sandals	214	209	11	https://i.seadn.io/s/raw/files/43445c33ca9a539dbc18f39f89c4550c.jpg?auto=format&dpr=1&w=384	f	2024-07-22 05:04:15.4+00	2024-07-22 05:04:15.4+00	1
149	Generic Rubber Computer	Boston's most advanced compression wear technology increases muscle oxygenation, stabilizes active muscles	696	50	19	https://i.seadn.io/s/raw/files/43445c33ca9a539dbc18f39f89c4550c.jpg?auto=format&dpr=1&w=384	f	2024-07-22 05:04:15.417+00	2024-07-22 05:04:15.417+00	1
158	Rustic Plastic Pants	Ergonomic executive chair upholstered in bonded black leather and PVC padded seat and back for all-day comfort and support	975	1624	11	https://i.seadn.io/s/raw/files/43445c33ca9a539dbc18f39f89c4550c.jpg?auto=format&dpr=1&w=384	f	2024-07-22 05:04:15.435+00	2024-07-22 05:04:15.435+00	1
168	Ergonomic Granite Chair	New ABC 13 9370, 13.3, 5th Gen CoreA5-8250U, 8GB RAM, 256GB SSD, power UHD Graphics, OS 10 Home, OS Office A & J 2016	874	1753	19	https://i.seadn.io/s/raw/files/43445c33ca9a539dbc18f39f89c4550c.jpg?auto=format&dpr=1&w=384	f	2024-07-22 05:04:15.45+00	2024-07-22 05:04:15.45+00	1
178	Luxurious Bronze Chicken	New ABC 13 9370, 13.3, 5th Gen CoreA5-8250U, 8GB RAM, 256GB SSD, power UHD Graphics, OS 10 Home, OS Office A & J 2016	694	1470	21	https://i.seadn.io/s/raw/files/43445c33ca9a539dbc18f39f89c4550c.jpg?auto=format&dpr=1&w=384	f	2024-07-22 05:04:15.467+00	2024-07-22 05:04:15.467+00	1
188	Bespoke Rubber Ball	The slim & simple Maple Gaming Keyboard from Dev Byte comes with a sleek body and 7- Color RGB LED Back-lighting for smart functionality	384	915	6	https://i.seadn.io/s/raw/files/43445c33ca9a539dbc18f39f89c4550c.jpg?auto=format&dpr=1&w=384	f	2024-07-22 05:04:15.486+00	2024-07-22 05:04:15.486+00	1
198	Generic Concrete Cheese	The slim & simple Maple Gaming Keyboard from Dev Byte comes with a sleek body and 7- Color RGB LED Back-lighting for smart functionality	667	1548	13	https://i.seadn.io/s/raw/files/43445c33ca9a539dbc18f39f89c4550c.jpg?auto=format&dpr=1&w=384	f	2024-07-22 05:04:15.504+00	2024-07-22 05:04:15.504+00	1
211	Recycled Bronze Car	The Nagasaki Lander is the trademarked name of several series of Nagasaki sport bikes, that started with the 1984 ABC800J	840	489	5	https://i.seadn.io/s/raw/files/43445c33ca9a539dbc18f39f89c4550c.jpg?auto=format&dpr=1&w=384	f	2024-07-22 05:04:15.526+00	2024-07-22 05:04:15.526+00	1
221	Handcrafted Frozen Ball	Carbonite web goalkeeper gloves are ergonomically designed to give easy fit	735	1466	17	https://i.seadn.io/s/raw/files/43445c33ca9a539dbc18f39f89c4550c.jpg?auto=format&dpr=1&w=384	f	2024-07-22 05:04:15.543+00	2024-07-22 05:04:15.543+00	1
231	Licensed Plastic Hat	The slim & simple Maple Gaming Keyboard from Dev Byte comes with a sleek body and 7- Color RGB LED Back-lighting for smart functionality	637	1093	7	https://i.seadn.io/s/raw/files/43445c33ca9a539dbc18f39f89c4550c.jpg?auto=format&dpr=1&w=384	f	2024-07-22 05:04:15.563+00	2024-07-22 05:04:15.563+00	1
241	Unbranded Bronze Shirt	Andy shoes are designed to keeping in mind durability as well as trends, the most stylish range of shoes & sandals	405	1121	23	https://i.seadn.io/s/raw/files/43445c33ca9a539dbc18f39f89c4550c.jpg?auto=format&dpr=1&w=384	f	2024-07-22 05:04:15.58+00	2024-07-22 05:04:15.58+00	1
251	Oriental Cotton Chicken	New range of formal shirts are designed keeping you in mind. With fits and styling that will make you stand apart	290	973	12	https://i.seadn.io/s/raw/files/43445c33ca9a539dbc18f39f89c4550c.jpg?auto=format&dpr=1&w=384	f	2024-07-22 05:04:15.597+00	2024-07-22 05:04:15.597+00	1
263	Fantastic Soft Bike	New ABC 13 9370, 13.3, 5th Gen CoreA5-8250U, 8GB RAM, 256GB SSD, power UHD Graphics, OS 10 Home, OS Office A & J 2016	798	1137	11	https://i.seadn.io/s/raw/files/43445c33ca9a539dbc18f39f89c4550c.jpg?auto=format&dpr=1&w=384	f	2024-07-22 05:04:15.619+00	2024-07-22 05:04:15.619+00	1
273	Rustic Bronze Computer	The Apollotech B340 is an affordable wireless mouse with reliable connectivity, 12 months battery life and modern design	544	41	12	https://i.seadn.io/s/raw/files/43445c33ca9a539dbc18f39f89c4550c.jpg?auto=format&dpr=1&w=384	f	2024-07-22 05:04:15.636+00	2024-07-22 05:04:15.636+00	1
282	Licensed Metal Fish	The Apollotech B340 is an affordable wireless mouse with reliable connectivity, 12 months battery life and modern design	878	1300	17	https://i.seadn.io/s/raw/files/43445c33ca9a539dbc18f39f89c4550c.jpg?auto=format&dpr=1&w=384	f	2024-07-22 05:04:15.654+00	2024-07-22 05:04:15.654+00	1
292	Generic Frozen Gloves	Andy shoes are designed to keeping in mind durability as well as trends, the most stylish range of shoes & sandals	901	671	18	https://i.seadn.io/s/raw/files/43445c33ca9a539dbc18f39f89c4550c.jpg?auto=format&dpr=1&w=384	f	2024-07-22 05:04:15.672+00	2024-07-22 05:04:15.672+00	1
45	Fantastic Metal Bike	The slim & simple Maple Gaming Keyboard from Dev Byte comes with a sleek body and 7- Color RGB LED Back-lighting for smart functionality	208	290	8	https://i.seadn.io/s/raw/files/43445c33ca9a539dbc18f39f89c4550c.jpg?auto=format&dpr=1&w=384	f	2024-07-22 05:04:15.228+00	2024-07-26 02:36:57.981+00	1
34	Bespoke Bronze Ball	Andy shoes are designed to keeping in mind durability as well as trends, the most stylish range of shoes & sandals	516	868	23	https://i.seadn.io/s/raw/files/43445c33ca9a539dbc18f39f89c4550c.jpg?auto=format&dpr=1&w=384	f	2024-07-22 05:04:15.205+00	2024-07-22 05:04:15.205+00	1
57	Unbranded Fresh Chips	The beautiful range of Apple Natural that has an exciting mix of natural ingredients. With the Goodness of 100% Natural Ingredients	720	1187	21	https://i.seadn.io/s/raw/files/43445c33ca9a539dbc18f39f89c4550c.jpg?auto=format&dpr=1&w=384	f	2024-07-22 05:04:15.248+00	2024-07-22 05:04:15.248+00	1
66	Rustic Cotton Fish	The Football Is Good For Training And Recreational Purposes	351	908	9	https://i.seadn.io/s/raw/files/43445c33ca9a539dbc18f39f89c4550c.jpg?auto=format&dpr=1&w=384	f	2024-07-22 05:04:15.266+00	2024-07-22 05:04:15.266+00	1
76	Bespoke Wooden Table	The automobile layout consists of a front-engine design, with transaxle-type transmissions mounted at the rear of the engine and four wheel drive	978	1550	14	https://i.seadn.io/s/raw/files/43445c33ca9a539dbc18f39f89c4550c.jpg?auto=format&dpr=1&w=384	f	2024-07-22 05:04:15.285+00	2024-07-22 05:04:15.285+00	1
86	Generic Frozen Cheese	The slim & simple Maple Gaming Keyboard from Dev Byte comes with a sleek body and 7- Color RGB LED Back-lighting for smart functionality	391	1408	12	https://i.seadn.io/s/raw/files/43445c33ca9a539dbc18f39f89c4550c.jpg?auto=format&dpr=1&w=384	f	2024-07-22 05:04:15.302+00	2024-07-22 05:04:15.302+00	1
96	Oriental Fresh Chair	The automobile layout consists of a front-engine design, with transaxle-type transmissions mounted at the rear of the engine and four wheel drive	891	1254	10	https://i.seadn.io/s/raw/files/43445c33ca9a539dbc18f39f89c4550c.jpg?auto=format&dpr=1&w=384	f	2024-07-22 05:04:15.322+00	2024-07-22 05:04:15.322+00	1
106	Small Wooden Towels	Andy shoes are designed to keeping in mind durability as well as trends, the most stylish range of shoes & sandals	263	1580	13	https://i.seadn.io/s/raw/files/43445c33ca9a539dbc18f39f89c4550c.jpg?auto=format&dpr=1&w=384	f	2024-07-22 05:04:15.339+00	2024-07-22 05:04:15.339+00	1
117	Rustic Frozen Towels	Carbonite web goalkeeper gloves are ergonomically designed to give easy fit	28	1901	8	https://i.seadn.io/s/raw/files/43445c33ca9a539dbc18f39f89c4550c.jpg?auto=format&dpr=1&w=384	f	2024-07-22 05:04:15.361+00	2024-07-22 05:04:15.361+00	1
127	Rustic Bronze Table	Boston's most advanced compression wear technology increases muscle oxygenation, stabilizes active muscles	93	1761	20	https://i.seadn.io/s/raw/files/43445c33ca9a539dbc18f39f89c4550c.jpg?auto=format&dpr=1&w=384	f	2024-07-22 05:04:15.38+00	2024-07-22 05:04:15.38+00	1
137	Handmade Fresh Bacon	The beautiful range of Apple Natural that has an exciting mix of natural ingredients. With the Goodness of 100% Natural Ingredients	658	1461	18	https://i.seadn.io/s/raw/files/43445c33ca9a539dbc18f39f89c4550c.jpg?auto=format&dpr=1&w=384	f	2024-07-22 05:04:15.397+00	2024-07-22 05:04:15.397+00	1
147	Unbranded Soft Keyboard	Ergonomic executive chair upholstered in bonded black leather and PVC padded seat and back for all-day comfort and support	332	116	17	https://i.seadn.io/s/raw/files/43445c33ca9a539dbc18f39f89c4550c.jpg?auto=format&dpr=1&w=384	f	2024-07-22 05:04:15.413+00	2024-07-22 05:04:15.413+00	1
159	Bespoke Granite Gloves	The beautiful range of Apple Natural that has an exciting mix of natural ingredients. With the Goodness of 100% Natural Ingredients	372	1892	11	https://i.seadn.io/s/raw/files/43445c33ca9a539dbc18f39f89c4550c.jpg?auto=format&dpr=1&w=384	f	2024-07-22 05:04:15.436+00	2024-07-22 05:04:15.436+00	1
171	Intelligent Rubber Gloves	New ABC 13 9370, 13.3, 5th Gen CoreA5-8250U, 8GB RAM, 256GB SSD, power UHD Graphics, OS 10 Home, OS Office A & J 2016	919	1058	13	https://i.seadn.io/s/raw/files/43445c33ca9a539dbc18f39f89c4550c.jpg?auto=format&dpr=1&w=384	f	2024-07-22 05:04:15.454+00	2024-07-22 05:04:15.454+00	1
181	Elegant Frozen Soap	The beautiful range of Apple Natural that has an exciting mix of natural ingredients. With the Goodness of 100% Natural Ingredients	416	1937	20	https://i.seadn.io/s/raw/files/43445c33ca9a539dbc18f39f89c4550c.jpg?auto=format&dpr=1&w=384	f	2024-07-22 05:04:15.473+00	2024-07-22 05:04:15.473+00	1
191	Oriental Metal Mouse	New ABC 13 9370, 13.3, 5th Gen CoreA5-8250U, 8GB RAM, 256GB SSD, power UHD Graphics, OS 10 Home, OS Office A & J 2016	857	1144	12	https://i.seadn.io/s/raw/files/43445c33ca9a539dbc18f39f89c4550c.jpg?auto=format&dpr=1&w=384	f	2024-07-22 05:04:15.491+00	2024-07-22 05:04:15.491+00	1
201	Rustic Bronze Chicken	The Apollotech B340 is an affordable wireless mouse with reliable connectivity, 12 months battery life and modern design	659	1414	7	https://i.seadn.io/s/raw/files/43445c33ca9a539dbc18f39f89c4550c.jpg?auto=format&dpr=1&w=384	f	2024-07-22 05:04:15.509+00	2024-07-22 05:04:15.509+00	1
210	Tasty Metal Shirt	The Football Is Good For Training And Recreational Purposes	309	796	12	https://i.seadn.io/s/raw/files/43445c33ca9a539dbc18f39f89c4550c.jpg?auto=format&dpr=1&w=384	f	2024-07-22 05:04:15.524+00	2024-07-22 05:04:15.524+00	1
220	Intelligent Frozen Table	Carbonite web goalkeeper gloves are ergonomically designed to give easy fit	615	208	16	https://i.seadn.io/s/raw/files/43445c33ca9a539dbc18f39f89c4550c.jpg?auto=format&dpr=1&w=384	f	2024-07-22 05:04:15.54+00	2024-07-22 05:04:15.54+00	1
230	Refined Plastic Gloves	New ABC 13 9370, 13.3, 5th Gen CoreA5-8250U, 8GB RAM, 256GB SSD, power UHD Graphics, OS 10 Home, OS Office A & J 2016	259	786	21	https://i.seadn.io/s/raw/files/43445c33ca9a539dbc18f39f89c4550c.jpg?auto=format&dpr=1&w=384	f	2024-07-22 05:04:15.561+00	2024-07-22 05:04:15.561+00	1
240	Refined Soft Bacon	The Nagasaki Lander is the trademarked name of several series of Nagasaki sport bikes, that started with the 1984 ABC800J	485	421	14	https://i.seadn.io/s/raw/files/43445c33ca9a539dbc18f39f89c4550c.jpg?auto=format&dpr=1&w=384	f	2024-07-22 05:04:15.578+00	2024-07-22 05:04:15.578+00	1
250	Gorgeous Plastic Gloves	The slim & simple Maple Gaming Keyboard from Dev Byte comes with a sleek body and 7- Color RGB LED Back-lighting for smart functionality	818	784	12	https://i.seadn.io/s/raw/files/43445c33ca9a539dbc18f39f89c4550c.jpg?auto=format&dpr=1&w=384	f	2024-07-22 05:04:15.595+00	2024-07-22 05:04:15.595+00	1
260	Tasty Frozen Chips	The slim & simple Maple Gaming Keyboard from Dev Byte comes with a sleek body and 7- Color RGB LED Back-lighting for smart functionality	356	1883	4	https://i.seadn.io/s/raw/files/43445c33ca9a539dbc18f39f89c4550c.jpg?auto=format&dpr=1&w=384	f	2024-07-22 05:04:15.614+00	2024-07-22 05:04:15.614+00	1
270	Ergonomic Wooden Salad	Ergonomic executive chair upholstered in bonded black leather and PVC padded seat and back for all-day comfort and support	808	1655	6	https://i.seadn.io/s/raw/files/43445c33ca9a539dbc18f39f89c4550c.jpg?auto=format&dpr=1&w=384	f	2024-07-22 05:04:15.631+00	2024-07-22 05:04:15.631+00	1
281	Gorgeous Granite Towels	The beautiful range of Apple Natural that has an exciting mix of natural ingredients. With the Goodness of 100% Natural Ingredients	306	1430	22	https://i.seadn.io/s/raw/files/43445c33ca9a539dbc18f39f89c4550c.jpg?auto=format&dpr=1&w=384	f	2024-07-22 05:04:15.653+00	2024-07-22 05:04:15.653+00	1
291	Incredible Plastic Car	New ABC 13 9370, 13.3, 5th Gen CoreA5-8250U, 8GB RAM, 256GB SSD, power UHD Graphics, OS 10 Home, OS Office A & J 2016	453	568	15	https://i.seadn.io/s/raw/files/43445c33ca9a539dbc18f39f89c4550c.jpg?auto=format&dpr=1&w=384	f	2024-07-22 05:04:15.671+00	2024-07-22 05:04:15.671+00	1
301	Sleek Rubber Chips	The Nagasaki Lander is the trademarked name of several series of Nagasaki sport bikes, that started with the 1984 ABC800J	214	1529	17	https://i.seadn.io/s/raw/files/43445c33ca9a539dbc18f39f89c4550c.jpg?auto=format&dpr=1&w=384	f	2024-07-22 05:04:15.688+00	2024-07-22 05:04:15.688+00	1
35	Recycled Soft Mouse	The Nagasaki Lander is the trademarked name of several series of Nagasaki sport bikes, that started with the 1984 ABC800J	888	1292	20	https://i.seadn.io/s/raw/files/43445c33ca9a539dbc18f39f89c4550c.jpg?auto=format&dpr=1&w=384	f	2024-07-22 05:04:15.207+00	2024-07-22 05:04:15.207+00	1
41	Tasty Wooden Chair	The Apollotech B340 is an affordable wireless mouse with reliable connectivity, 12 months battery life and modern design	758	341	21	https://i.seadn.io/s/raw/files/43445c33ca9a539dbc18f39f89c4550c.jpg?auto=format&dpr=1&w=384	f	2024-07-22 05:04:15.217+00	2024-07-22 05:04:15.217+00	1
52	Refined Frozen Bike	The Apollotech B340 is an affordable wireless mouse with reliable connectivity, 12 months battery life and modern design	49	1780	7	https://i.seadn.io/s/raw/files/43445c33ca9a539dbc18f39f89c4550c.jpg?auto=format&dpr=1&w=384	f	2024-07-22 05:04:15.239+00	2024-07-22 05:04:15.239+00	1
61	Generic Frozen Chicken	Ergonomic executive chair upholstered in bonded black leather and PVC padded seat and back for all-day comfort and support	508	697	23	https://i.seadn.io/s/raw/files/43445c33ca9a539dbc18f39f89c4550c.jpg?auto=format&dpr=1&w=384	f	2024-07-22 05:04:15.254+00	2024-07-22 05:04:15.254+00	1
73	Licensed Metal Bike	Boston's most advanced compression wear technology increases muscle oxygenation, stabilizes active muscles	807	16	18	https://i.seadn.io/s/raw/files/43445c33ca9a539dbc18f39f89c4550c.jpg?auto=format&dpr=1&w=384	f	2024-07-22 05:04:15.28+00	2024-07-22 05:04:15.28+00	1
85	Oriental Steel Sausages	Boston's most advanced compression wear technology increases muscle oxygenation, stabilizes active muscles	191	1595	5	https://i.seadn.io/s/raw/files/43445c33ca9a539dbc18f39f89c4550c.jpg?auto=format&dpr=1&w=384	f	2024-07-22 05:04:15.301+00	2024-07-22 05:04:15.301+00	1
95	Fantastic Frozen Bacon	Andy shoes are designed to keeping in mind durability as well as trends, the most stylish range of shoes & sandals	330	1158	5	https://i.seadn.io/s/raw/files/43445c33ca9a539dbc18f39f89c4550c.jpg?auto=format&dpr=1&w=384	f	2024-07-22 05:04:15.321+00	2024-07-22 05:04:15.321+00	1
105	Oriental Soft Ball	New ABC 13 9370, 13.3, 5th Gen CoreA5-8250U, 8GB RAM, 256GB SSD, power UHD Graphics, OS 10 Home, OS Office A & J 2016	690	1595	13	https://i.seadn.io/s/raw/files/43445c33ca9a539dbc18f39f89c4550c.jpg?auto=format&dpr=1&w=384	f	2024-07-22 05:04:15.338+00	2024-07-22 05:04:15.338+00	1
115	Awesome Granite Pants	New ABC 13 9370, 13.3, 5th Gen CoreA5-8250U, 8GB RAM, 256GB SSD, power UHD Graphics, OS 10 Home, OS Office A & J 2016	915	68	16	https://i.seadn.io/s/raw/files/43445c33ca9a539dbc18f39f89c4550c.jpg?auto=format&dpr=1&w=384	f	2024-07-22 05:04:15.356+00	2024-07-22 05:04:15.356+00	1
125	Small Metal Keyboard	Boston's most advanced compression wear technology increases muscle oxygenation, stabilizes active muscles	322	1570	22	https://i.seadn.io/s/raw/files/43445c33ca9a539dbc18f39f89c4550c.jpg?auto=format&dpr=1&w=384	f	2024-07-22 05:04:15.377+00	2024-07-22 05:04:15.377+00	1
134	Oriental Granite Sausages	The automobile layout consists of a front-engine design, with transaxle-type transmissions mounted at the rear of the engine and four wheel drive	78	506	23	https://i.seadn.io/s/raw/files/43445c33ca9a539dbc18f39f89c4550c.jpg?auto=format&dpr=1&w=384	f	2024-07-22 05:04:15.392+00	2024-07-22 05:04:15.392+00	1
144	Luxurious Rubber Bacon	New ABC 13 9370, 13.3, 5th Gen CoreA5-8250U, 8GB RAM, 256GB SSD, power UHD Graphics, OS 10 Home, OS Office A & J 2016	315	756	17	https://i.seadn.io/s/raw/files/43445c33ca9a539dbc18f39f89c4550c.jpg?auto=format&dpr=1&w=384	f	2024-07-22 05:04:15.409+00	2024-07-22 05:04:15.409+00	1
156	Modern Rubber Table	New ABC 13 9370, 13.3, 5th Gen CoreA5-8250U, 8GB RAM, 256GB SSD, power UHD Graphics, OS 10 Home, OS Office A & J 2016	205	21	23	https://i.seadn.io/s/raw/files/43445c33ca9a539dbc18f39f89c4550c.jpg?auto=format&dpr=1&w=384	f	2024-07-22 05:04:15.431+00	2024-07-22 05:04:15.431+00	1
164	Awesome Concrete Fish	The beautiful range of Apple Natural that has an exciting mix of natural ingredients. With the Goodness of 100% Natural Ingredients	710	1112	22	https://i.seadn.io/s/raw/files/43445c33ca9a539dbc18f39f89c4550c.jpg?auto=format&dpr=1&w=384	f	2024-07-22 05:04:15.444+00	2024-07-22 05:04:15.444+00	1
173	Recycled Concrete Soap	New ABC 13 9370, 13.3, 5th Gen CoreA5-8250U, 8GB RAM, 256GB SSD, power UHD Graphics, OS 10 Home, OS Office A & J 2016	727	1170	11	https://i.seadn.io/s/raw/files/43445c33ca9a539dbc18f39f89c4550c.jpg?auto=format&dpr=1&w=384	f	2024-07-22 05:04:15.457+00	2024-07-22 05:04:15.457+00	1
183	Sleek Plastic Shirt	New ABC 13 9370, 13.3, 5th Gen CoreA5-8250U, 8GB RAM, 256GB SSD, power UHD Graphics, OS 10 Home, OS Office A & J 2016	16	1270	12	https://i.seadn.io/s/raw/files/43445c33ca9a539dbc18f39f89c4550c.jpg?auto=format&dpr=1&w=384	f	2024-07-22 05:04:15.477+00	2024-07-22 05:04:15.477+00	1
193	Modern Steel Bacon	The slim & simple Maple Gaming Keyboard from Dev Byte comes with a sleek body and 7- Color RGB LED Back-lighting for smart functionality	371	1720	15	https://i.seadn.io/s/raw/files/43445c33ca9a539dbc18f39f89c4550c.jpg?auto=format&dpr=1&w=384	f	2024-07-22 05:04:15.495+00	2024-07-22 05:04:15.495+00	1
203	Refined Bronze Tuna	The slim & simple Maple Gaming Keyboard from Dev Byte comes with a sleek body and 7- Color RGB LED Back-lighting for smart functionality	47	1692	12	https://i.seadn.io/s/raw/files/43445c33ca9a539dbc18f39f89c4550c.jpg?auto=format&dpr=1&w=384	f	2024-07-22 05:04:15.512+00	2024-07-22 05:04:15.512+00	1
213	Rustic Frozen Shoes	The beautiful range of Apple Natural that has an exciting mix of natural ingredients. With the Goodness of 100% Natural Ingredients	59	1217	11	https://i.seadn.io/s/raw/files/43445c33ca9a539dbc18f39f89c4550c.jpg?auto=format&dpr=1&w=384	f	2024-07-22 05:04:15.529+00	2024-07-22 05:04:15.529+00	1
223	Sleek Frozen Pizza	Carbonite web goalkeeper gloves are ergonomically designed to give easy fit	920	136	4	https://i.seadn.io/s/raw/files/43445c33ca9a539dbc18f39f89c4550c.jpg?auto=format&dpr=1&w=384	f	2024-07-22 05:04:15.546+00	2024-07-22 05:04:15.546+00	1
233	Refined Cotton Chips	New range of formal shirts are designed keeping you in mind. With fits and styling that will make you stand apart	858	47	22	https://i.seadn.io/s/raw/files/43445c33ca9a539dbc18f39f89c4550c.jpg?auto=format&dpr=1&w=384	f	2024-07-22 05:04:15.566+00	2024-07-22 05:04:15.566+00	1
243	Oriental Granite Computer	Ergonomic executive chair upholstered in bonded black leather and PVC padded seat and back for all-day comfort and support	969	592	6	https://i.seadn.io/s/raw/files/43445c33ca9a539dbc18f39f89c4550c.jpg?auto=format&dpr=1&w=384	f	2024-07-22 05:04:15.583+00	2024-07-22 05:04:15.583+00	1
253	Luxurious Soft Soap	The Football Is Good For Training And Recreational Purposes	913	1094	7	https://i.seadn.io/s/raw/files/43445c33ca9a539dbc18f39f89c4550c.jpg?auto=format&dpr=1&w=384	f	2024-07-22 05:04:15.6+00	2024-07-22 05:04:15.6+00	1
262	Bespoke Concrete Computer	Andy shoes are designed to keeping in mind durability as well as trends, the most stylish range of shoes & sandals	158	474	18	https://i.seadn.io/s/raw/files/43445c33ca9a539dbc18f39f89c4550c.jpg?auto=format&dpr=1&w=384	f	2024-07-22 05:04:15.617+00	2024-07-22 05:04:15.617+00	1
272	Luxurious Metal Sausages	The slim & simple Maple Gaming Keyboard from Dev Byte comes with a sleek body and 7- Color RGB LED Back-lighting for smart functionality	198	1772	18	https://i.seadn.io/s/raw/files/43445c33ca9a539dbc18f39f89c4550c.jpg?auto=format&dpr=1&w=384	f	2024-07-22 05:04:15.634+00	2024-07-22 05:04:15.634+00	1
283	Modern Concrete Cheese	The beautiful range of Apple Natural that has an exciting mix of natural ingredients. With the Goodness of 100% Natural Ingredients	711	579	14	https://i.seadn.io/s/raw/files/43445c33ca9a539dbc18f39f89c4550c.jpg?auto=format&dpr=1&w=384	f	2024-07-22 05:04:15.656+00	2024-07-22 05:04:15.656+00	1
293	Handmade Soft Ball	The slim & simple Maple Gaming Keyboard from Dev Byte comes with a sleek body and 7- Color RGB LED Back-lighting for smart functionality	530	287	5	https://i.seadn.io/s/raw/files/43445c33ca9a539dbc18f39f89c4550c.jpg?auto=format&dpr=1&w=384	f	2024-07-22 05:04:15.674+00	2024-07-22 05:04:15.674+00	1
37	Oriental Metal Pants	The slim & simple Maple Gaming Keyboard from Dev Byte comes with a sleek body and 7- Color RGB LED Back-lighting for smart functionality	897	1277	9	https://i.seadn.io/s/raw/files/43445c33ca9a539dbc18f39f89c4550c.jpg?auto=format&dpr=1&w=384	f	2024-07-22 05:04:15.211+00	2024-07-22 05:04:15.211+00	1
44	Sleek Granite Ball	The beautiful range of Apple Natural that has an exciting mix of natural ingredients. With the Goodness of 100% Natural Ingredients	189	134	10	https://i.seadn.io/s/raw/files/43445c33ca9a539dbc18f39f89c4550c.jpg?auto=format&dpr=1&w=384	f	2024-07-22 05:04:15.226+00	2024-07-22 05:04:15.226+00	1
50	Incredible Metal Tuna	Andy shoes are designed to keeping in mind durability as well as trends, the most stylish range of shoes & sandals	41	332	20	https://i.seadn.io/s/raw/files/43445c33ca9a539dbc18f39f89c4550c.jpg?auto=format&dpr=1&w=384	f	2024-07-22 05:04:15.236+00	2024-07-22 05:04:15.236+00	1
64	Sleek Wooden Shirt	New range of formal shirts are designed keeping you in mind. With fits and styling that will make you stand apart	944	1554	4	https://i.seadn.io/s/raw/files/43445c33ca9a539dbc18f39f89c4550c.jpg?auto=format&dpr=1&w=384	f	2024-07-22 05:04:15.262+00	2024-07-22 05:04:15.262+00	1
74	Tasty Wooden Cheese	Carbonite web goalkeeper gloves are ergonomically designed to give easy fit	918	1407	4	https://i.seadn.io/s/raw/files/43445c33ca9a539dbc18f39f89c4550c.jpg?auto=format&dpr=1&w=384	f	2024-07-22 05:04:15.282+00	2024-07-22 05:04:15.282+00	1
83	Sleek Metal Hat	New range of formal shirts are designed keeping you in mind. With fits and styling that will make you stand apart	341	170	7	https://i.seadn.io/s/raw/files/43445c33ca9a539dbc18f39f89c4550c.jpg?auto=format&dpr=1&w=384	f	2024-07-22 05:04:15.298+00	2024-07-22 05:04:15.298+00	1
92	Incredible Granite Chicken	The beautiful range of Apple Natural that has an exciting mix of natural ingredients. With the Goodness of 100% Natural Ingredients	929	1212	4	https://i.seadn.io/s/raw/files/43445c33ca9a539dbc18f39f89c4550c.jpg?auto=format&dpr=1&w=384	f	2024-07-22 05:04:15.316+00	2024-07-22 05:04:15.316+00	1
104	Luxurious Rubber Ball	The automobile layout consists of a front-engine design, with transaxle-type transmissions mounted at the rear of the engine and four wheel drive	700	215	22	https://i.seadn.io/s/raw/files/43445c33ca9a539dbc18f39f89c4550c.jpg?auto=format&dpr=1&w=384	f	2024-07-22 05:04:15.336+00	2024-07-22 05:04:15.336+00	1
114	Bespoke Plastic Towels	Ergonomic executive chair upholstered in bonded black leather and PVC padded seat and back for all-day comfort and support	236	43	6	https://i.seadn.io/s/raw/files/43445c33ca9a539dbc18f39f89c4550c.jpg?auto=format&dpr=1&w=384	f	2024-07-22 05:04:15.354+00	2024-07-22 05:04:15.354+00	1
124	Elegant Fresh Hat	Ergonomic executive chair upholstered in bonded black leather and PVC padded seat and back for all-day comfort and support	113	247	13	https://i.seadn.io/s/raw/files/43445c33ca9a539dbc18f39f89c4550c.jpg?auto=format&dpr=1&w=384	f	2024-07-22 05:04:15.375+00	2024-07-22 05:04:15.375+00	1
135	Unbranded Frozen Computer	The Nagasaki Lander is the trademarked name of several series of Nagasaki sport bikes, that started with the 1984 ABC800J	13	1032	10	https://i.seadn.io/s/raw/files/43445c33ca9a539dbc18f39f89c4550c.jpg?auto=format&dpr=1&w=384	f	2024-07-22 05:04:15.394+00	2024-07-22 05:04:15.394+00	1
145	Fantastic Rubber Shoes	Carbonite web goalkeeper gloves are ergonomically designed to give easy fit	242	713	11	https://i.seadn.io/s/raw/files/43445c33ca9a539dbc18f39f89c4550c.jpg?auto=format&dpr=1&w=384	f	2024-07-22 05:04:15.41+00	2024-07-22 05:04:15.41+00	1
154	Incredible Wooden Table	The slim & simple Maple Gaming Keyboard from Dev Byte comes with a sleek body and 7- Color RGB LED Back-lighting for smart functionality	895	377	14	https://i.seadn.io/s/raw/files/43445c33ca9a539dbc18f39f89c4550c.jpg?auto=format&dpr=1&w=384	f	2024-07-22 05:04:15.427+00	2024-07-22 05:04:15.427+00	1
163	Rustic Concrete Chips	New range of formal shirts are designed keeping you in mind. With fits and styling that will make you stand apart	340	168	17	https://i.seadn.io/s/raw/files/43445c33ca9a539dbc18f39f89c4550c.jpg?auto=format&dpr=1&w=384	f	2024-07-22 05:04:15.442+00	2024-07-22 05:04:15.442+00	1
174	Fantastic Rubber Chips	The automobile layout consists of a front-engine design, with transaxle-type transmissions mounted at the rear of the engine and four wheel drive	44	512	22	https://i.seadn.io/s/raw/files/43445c33ca9a539dbc18f39f89c4550c.jpg?auto=format&dpr=1&w=384	f	2024-07-22 05:04:15.459+00	2024-07-22 05:04:15.459+00	1
185	Recycled Cotton Salad	The slim & simple Maple Gaming Keyboard from Dev Byte comes with a sleek body and 7- Color RGB LED Back-lighting for smart functionality	881	1963	13	https://i.seadn.io/s/raw/files/43445c33ca9a539dbc18f39f89c4550c.jpg?auto=format&dpr=1&w=384	f	2024-07-22 05:04:15.481+00	2024-07-22 05:04:15.481+00	1
195	Fantastic Fresh Gloves	The Football Is Good For Training And Recreational Purposes	839	99	22	https://i.seadn.io/s/raw/files/43445c33ca9a539dbc18f39f89c4550c.jpg?auto=format&dpr=1&w=384	f	2024-07-22 05:04:15.499+00	2024-07-22 05:04:15.499+00	1
205	Awesome Plastic Table	New ABC 13 9370, 13.3, 5th Gen CoreA5-8250U, 8GB RAM, 256GB SSD, power UHD Graphics, OS 10 Home, OS Office A & J 2016	259	311	14	https://i.seadn.io/s/raw/files/43445c33ca9a539dbc18f39f89c4550c.jpg?auto=format&dpr=1&w=384	f	2024-07-22 05:04:15.515+00	2024-07-22 05:04:15.515+00	1
215	Elegant Soft Ball	Andy shoes are designed to keeping in mind durability as well as trends, the most stylish range of shoes & sandals	557	1646	14	https://i.seadn.io/s/raw/files/43445c33ca9a539dbc18f39f89c4550c.jpg?auto=format&dpr=1&w=384	f	2024-07-22 05:04:15.533+00	2024-07-22 05:04:15.533+00	1
224	Electronic Cotton Pizza	Boston's most advanced compression wear technology increases muscle oxygenation, stabilizes active muscles	32	719	12	https://i.seadn.io/s/raw/files/43445c33ca9a539dbc18f39f89c4550c.jpg?auto=format&dpr=1&w=384	f	2024-07-22 05:04:15.547+00	2024-07-22 05:04:15.547+00	1
234	Gorgeous Rubber Sausages	The Apollotech B340 is an affordable wireless mouse with reliable connectivity, 12 months battery life and modern design	902	339	20	https://i.seadn.io/s/raw/files/43445c33ca9a539dbc18f39f89c4550c.jpg?auto=format&dpr=1&w=384	f	2024-07-22 05:04:15.568+00	2024-07-22 05:04:15.568+00	1
244	Rustic Soft Shirt	Carbonite web goalkeeper gloves are ergonomically designed to give easy fit	458	1935	8	https://i.seadn.io/s/raw/files/43445c33ca9a539dbc18f39f89c4550c.jpg?auto=format&dpr=1&w=384	f	2024-07-22 05:04:15.584+00	2024-07-22 05:04:15.584+00	1
254	Awesome Frozen Sausages	The beautiful range of Apple Natural that has an exciting mix of natural ingredients. With the Goodness of 100% Natural Ingredients	520	932	8	https://i.seadn.io/s/raw/files/43445c33ca9a539dbc18f39f89c4550c.jpg?auto=format&dpr=1&w=384	f	2024-07-22 05:04:15.602+00	2024-07-22 05:04:15.602+00	1
264	Small Concrete Table	The automobile layout consists of a front-engine design, with transaxle-type transmissions mounted at the rear of the engine and four wheel drive	413	271	21	https://i.seadn.io/s/raw/files/43445c33ca9a539dbc18f39f89c4550c.jpg?auto=format&dpr=1&w=384	f	2024-07-22 05:04:15.621+00	2024-07-22 05:04:15.621+00	1
274	Licensed Bronze Gloves	The beautiful range of Apple Natural that has an exciting mix of natural ingredients. With the Goodness of 100% Natural Ingredients	555	741	18	https://i.seadn.io/s/raw/files/43445c33ca9a539dbc18f39f89c4550c.jpg?auto=format&dpr=1&w=384	f	2024-07-22 05:04:15.638+00	2024-07-22 05:04:15.638+00	1
287	Electronic Wooden Pizza	New ABC 13 9370, 13.3, 5th Gen CoreA5-8250U, 8GB RAM, 256GB SSD, power UHD Graphics, OS 10 Home, OS Office A & J 2016	754	1769	4	https://i.seadn.io/s/raw/files/43445c33ca9a539dbc18f39f89c4550c.jpg?auto=format&dpr=1&w=384	f	2024-07-22 05:04:15.664+00	2024-07-22 05:04:15.664+00	1
296	Luxurious Soft Computer	New range of formal shirts are designed keeping you in mind. With fits and styling that will make you stand apart	283	589	17	https://i.seadn.io/s/raw/files/43445c33ca9a539dbc18f39f89c4550c.jpg?auto=format&dpr=1&w=384	f	2024-07-22 05:04:15.68+00	2024-07-22 05:04:15.68+00	1
286	Electronic Concrete Chips	New ABC 13 9370, 13.3, 5th Gen CoreA5-8250U, 8GB RAM, 256GB SSD, power UHD Graphics, OS 10 Home, OS Office A & J 2016	950	1128	22	https://i.seadn.io/s/raw/files/43445c33ca9a539dbc18f39f89c4550c.jpg?auto=format&dpr=1&w=384	f	2024-07-22 05:04:15.662+00	2024-07-22 05:04:15.662+00	1
295	Intelligent Steel Mouse	New ABC 13 9370, 13.3, 5th Gen CoreA5-8250U, 8GB RAM, 256GB SSD, power UHD Graphics, OS 10 Home, OS Office A & J 2016	226	1567	23	https://i.seadn.io/s/raw/files/43445c33ca9a539dbc18f39f89c4550c.jpg?auto=format&dpr=1&w=384	f	2024-07-22 05:04:15.678+00	2024-07-22 05:04:15.678+00	1
305	Fantastic Cotton Ball	The Apollotech B340 is an affordable wireless mouse with reliable connectivity, 12 months battery life and modern design	784	319	8	https://i.seadn.io/s/raw/files/43445c33ca9a539dbc18f39f89c4550c.jpg?auto=format&dpr=1&w=384	f	2024-07-22 05:04:15.695+00	2024-07-22 05:04:15.695+00	1
315	Incredible Granite Shoes	The Football Is Good For Training And Recreational Purposes	561	946	22	https://i.seadn.io/s/raw/files/43445c33ca9a539dbc18f39f89c4550c.jpg?auto=format&dpr=1&w=384	f	2024-07-22 05:04:15.71+00	2024-07-22 05:04:15.71+00	1
325	Small Plastic Hat	The slim & simple Maple Gaming Keyboard from Dev Byte comes with a sleek body and 7- Color RGB LED Back-lighting for smart functionality	335	178	11	https://i.seadn.io/s/raw/files/43445c33ca9a539dbc18f39f89c4550c.jpg?auto=format&dpr=1&w=384	f	2024-07-22 05:04:15.726+00	2024-07-22 05:04:15.726+00	1
334	Gorgeous Granite Table	Andy shoes are designed to keeping in mind durability as well as trends, the most stylish range of shoes & sandals	777	482	10	https://i.seadn.io/s/raw/files/43445c33ca9a539dbc18f39f89c4550c.jpg?auto=format&dpr=1&w=384	f	2024-07-22 05:04:15.742+00	2024-07-22 05:04:15.742+00	1
344	Fantastic Soft Cheese	New ABC 13 9370, 13.3, 5th Gen CoreA5-8250U, 8GB RAM, 256GB SSD, power UHD Graphics, OS 10 Home, OS Office A & J 2016	622	460	20	https://i.seadn.io/s/raw/files/43445c33ca9a539dbc18f39f89c4550c.jpg?auto=format&dpr=1&w=384	f	2024-07-22 05:04:15.757+00	2024-07-22 05:04:15.758+00	1
354	Gorgeous Plastic Pizza	Ergonomic executive chair upholstered in bonded black leather and PVC padded seat and back for all-day comfort and support	398	475	9	https://i.seadn.io/s/raw/files/43445c33ca9a539dbc18f39f89c4550c.jpg?auto=format&dpr=1&w=384	f	2024-07-22 05:04:15.774+00	2024-07-22 05:04:15.774+00	1
364	Practical Cotton Fish	Boston's most advanced compression wear technology increases muscle oxygenation, stabilizes active muscles	56	924	4	https://i.seadn.io/s/raw/files/43445c33ca9a539dbc18f39f89c4550c.jpg?auto=format&dpr=1&w=384	f	2024-07-22 05:04:15.789+00	2024-07-22 05:04:15.789+00	1
374	Elegant Metal Shoes	Boston's most advanced compression wear technology increases muscle oxygenation, stabilizes active muscles	664	1132	11	https://i.seadn.io/s/raw/files/43445c33ca9a539dbc18f39f89c4550c.jpg?auto=format&dpr=1&w=384	f	2024-07-22 05:04:15.804+00	2024-07-22 05:04:15.804+00	1
387	Oriental Concrete Soap	New range of formal shirts are designed keeping you in mind. With fits and styling that will make you stand apart	128	278	4	https://i.seadn.io/s/raw/files/43445c33ca9a539dbc18f39f89c4550c.jpg?auto=format&dpr=1&w=384	f	2024-07-22 05:04:15.827+00	2024-07-22 05:04:15.827+00	1
397	Licensed Bronze Shirt	Carbonite web goalkeeper gloves are ergonomically designed to give easy fit	554	1301	13	https://i.seadn.io/s/raw/files/43445c33ca9a539dbc18f39f89c4550c.jpg?auto=format&dpr=1&w=384	f	2024-07-22 05:04:15.844+00	2024-07-22 05:04:15.844+00	1
405	Refined Wooden Computer	The Nagasaki Lander is the trademarked name of several series of Nagasaki sport bikes, that started with the 1984 ABC800J	411	223	6	https://i.seadn.io/s/raw/files/43445c33ca9a539dbc18f39f89c4550c.jpg?auto=format&dpr=1&w=384	f	2024-07-22 05:04:15.861+00	2024-07-22 05:04:15.861+00	1
415	Gorgeous Soft Soap	Carbonite web goalkeeper gloves are ergonomically designed to give easy fit	843	295	14	https://i.seadn.io/s/raw/files/43445c33ca9a539dbc18f39f89c4550c.jpg?auto=format&dpr=1&w=384	f	2024-07-22 05:04:15.879+00	2024-07-22 05:04:15.879+00	1
425	Handcrafted Cotton Cheese	The Apollotech B340 is an affordable wireless mouse with reliable connectivity, 12 months battery life and modern design	330	391	6	https://i.seadn.io/s/raw/files/43445c33ca9a539dbc18f39f89c4550c.jpg?auto=format&dpr=1&w=384	f	2024-07-22 05:04:15.897+00	2024-07-22 05:04:15.897+00	1
434	Bespoke Frozen Hat	The slim & simple Maple Gaming Keyboard from Dev Byte comes with a sleek body and 7- Color RGB LED Back-lighting for smart functionality	544	581	12	https://i.seadn.io/s/raw/files/43445c33ca9a539dbc18f39f89c4550c.jpg?auto=format&dpr=1&w=384	f	2024-07-22 05:04:15.913+00	2024-07-22 05:04:15.913+00	1
444	Intelligent Bronze Towels	New range of formal shirts are designed keeping you in mind. With fits and styling that will make you stand apart	392	1076	6	https://i.seadn.io/s/raw/files/43445c33ca9a539dbc18f39f89c4550c.jpg?auto=format&dpr=1&w=384	f	2024-07-22 05:04:15.932+00	2024-07-22 05:04:15.932+00	1
458	Handcrafted Frozen Fish	The automobile layout consists of a front-engine design, with transaxle-type transmissions mounted at the rear of the engine and four wheel drive	151	1890	8	https://i.seadn.io/s/raw/files/43445c33ca9a539dbc18f39f89c4550c.jpg?auto=format&dpr=1&w=384	f	2024-07-22 05:04:15.958+00	2024-07-22 05:04:15.958+00	1
468	Rustic Bronze Keyboard	The Football Is Good For Training And Recreational Purposes	827	1862	7	https://i.seadn.io/s/raw/files/43445c33ca9a539dbc18f39f89c4550c.jpg?auto=format&dpr=1&w=384	f	2024-07-22 05:04:15.975+00	2024-07-22 05:04:15.975+00	1
478	Generic Plastic Soap	Ergonomic executive chair upholstered in bonded black leather and PVC padded seat and back for all-day comfort and support	407	1116	8	https://i.seadn.io/s/raw/files/43445c33ca9a539dbc18f39f89c4550c.jpg?auto=format&dpr=1&w=384	f	2024-07-22 05:04:15.993+00	2024-07-22 05:04:15.993+00	1
489	Oriental Rubber Pants	The automobile layout consists of a front-engine design, with transaxle-type transmissions mounted at the rear of the engine and four wheel drive	918	2	12	https://i.seadn.io/s/raw/files/43445c33ca9a539dbc18f39f89c4550c.jpg?auto=format&dpr=1&w=384	f	2024-07-22 05:04:16.012+00	2024-07-22 05:04:16.012+00	1
499	Fantastic Concrete Car	Andy shoes are designed to keeping in mind durability as well as trends, the most stylish range of shoes & sandals	819	1112	8	https://i.seadn.io/s/raw/files/43445c33ca9a539dbc18f39f89c4550c.jpg?auto=format&dpr=1&w=384	f	2024-07-22 05:04:16.028+00	2024-07-22 05:04:16.028+00	1
508	Generic Frozen Pizza	The beautiful range of Apple Natural that has an exciting	452	1531	6		f	2024-07-22 06:07:42.793+00	2024-07-22 06:07:42.793+00	1
226	Generic Bronze Pizza	The Nagasaki Lander is the trademarked name of several series of Nagasaki sport bikes, that started with the 1984 ABC800J	764	1015	8	https://i.seadn.io/s/raw/files/43445c33ca9a539dbc18f39f89c4550c.jpg?auto=format&dpr=1&w=384	f	2024-07-22 05:04:15.551+00	2024-07-24 11:20:37.259+00	3
69	Small Bronze Pizza	The Nagasaki Lander is the trademarked name of several series of Nagasaki sport bikes, that started with the 1984 ABC800J	141	513	8	https://i.seadn.io/s/raw/files/43445c33ca9a539dbc18f39f89c4550c.jpg?auto=format&dpr=1&w=384	f	2024-07-22 05:04:15.272+00	2024-07-24 11:20:37.372+00	3
63	Oriental Bronze Ball	New range of formal shirts are designed keeping you in mind. With fits and styling that will make you stand apart	523	1005	8	https://i.seadn.io/s/raw/files/43445c33ca9a539dbc18f39f89c4550c.jpg?auto=format&dpr=1&w=384	f	2024-07-22 05:04:15.26+00	2024-07-24 11:20:37.396+00	3
288	Small Concrete Cheese	The Apollotech B340 is an affordable wireless mouse with reliable connectivity, 12 months battery life and modern design	552	1582	13	https://i.seadn.io/s/raw/files/43445c33ca9a539dbc18f39f89c4550c.jpg?auto=format&dpr=1&w=384	f	2024-07-22 05:04:15.666+00	2024-07-22 05:04:15.666+00	1
297	Licensed Wooden Car	Ergonomic executive chair upholstered in bonded black leather and PVC padded seat and back for all-day comfort and support	881	1629	13	https://i.seadn.io/s/raw/files/43445c33ca9a539dbc18f39f89c4550c.jpg?auto=format&dpr=1&w=384	f	2024-07-22 05:04:15.682+00	2024-07-22 05:04:15.682+00	1
307	Small Concrete Tuna	Andy shoes are designed to keeping in mind durability as well as trends, the most stylish range of shoes & sandals	525	1609	23	https://i.seadn.io/s/raw/files/43445c33ca9a539dbc18f39f89c4550c.jpg?auto=format&dpr=1&w=384	f	2024-07-22 05:04:15.698+00	2024-07-22 05:04:15.698+00	1
317	Ergonomic Wooden Bacon	Ergonomic executive chair upholstered in bonded black leather and PVC padded seat and back for all-day comfort and support	492	1027	4	https://i.seadn.io/s/raw/files/43445c33ca9a539dbc18f39f89c4550c.jpg?auto=format&dpr=1&w=384	f	2024-07-22 05:04:15.713+00	2024-07-22 05:04:15.713+00	1
327	Practical Concrete Gloves	Andy shoes are designed to keeping in mind durability as well as trends, the most stylish range of shoes & sandals	484	1969	19	https://i.seadn.io/s/raw/files/43445c33ca9a539dbc18f39f89c4550c.jpg?auto=format&dpr=1&w=384	f	2024-07-22 05:04:15.729+00	2024-07-22 05:04:15.729+00	1
337	Gorgeous Plastic Tuna	Ergonomic executive chair upholstered in bonded black leather and PVC padded seat and back for all-day comfort and support	102	181	19	https://i.seadn.io/s/raw/files/43445c33ca9a539dbc18f39f89c4550c.jpg?auto=format&dpr=1&w=384	f	2024-07-22 05:04:15.746+00	2024-07-22 05:04:15.746+00	1
346	Generic Metal Ball	The automobile layout consists of a front-engine design, with transaxle-type transmissions mounted at the rear of the engine and four wheel drive	871	1478	9	https://i.seadn.io/s/raw/files/43445c33ca9a539dbc18f39f89c4550c.jpg?auto=format&dpr=1&w=384	f	2024-07-22 05:04:15.761+00	2024-07-22 05:04:15.761+00	1
356	Handcrafted Steel Cheese	Boston's most advanced compression wear technology increases muscle oxygenation, stabilizes active muscles	790	29	12	https://i.seadn.io/s/raw/files/43445c33ca9a539dbc18f39f89c4550c.jpg?auto=format&dpr=1&w=384	f	2024-07-22 05:04:15.778+00	2024-07-22 05:04:15.778+00	1
366	Luxurious Granite Ball	Boston's most advanced compression wear technology increases muscle oxygenation, stabilizes active muscles	70	976	5	https://i.seadn.io/s/raw/files/43445c33ca9a539dbc18f39f89c4550c.jpg?auto=format&dpr=1&w=384	f	2024-07-22 05:04:15.793+00	2024-07-22 05:04:15.793+00	1
375	Rustic Granite Pants	The slim & simple Maple Gaming Keyboard from Dev Byte comes with a sleek body and 7- Color RGB LED Back-lighting for smart functionality	170	1165	8	https://i.seadn.io/s/raw/files/43445c33ca9a539dbc18f39f89c4550c.jpg?auto=format&dpr=1&w=384	f	2024-07-22 05:04:15.805+00	2024-07-22 05:04:15.805+00	1
385	Small Frozen Pizza	The slim & simple Maple Gaming Keyboard from Dev Byte comes with a sleek body and 7- Color RGB LED Back-lighting for smart functionality	852	1641	6	https://i.seadn.io/s/raw/files/43445c33ca9a539dbc18f39f89c4550c.jpg?auto=format&dpr=1&w=384	f	2024-07-22 05:04:15.823+00	2024-07-22 05:04:15.823+00	1
395	Electronic Frozen Pants	Boston's most advanced compression wear technology increases muscle oxygenation, stabilizes active muscles	902	199	17	https://i.seadn.io/s/raw/files/43445c33ca9a539dbc18f39f89c4550c.jpg?auto=format&dpr=1&w=384	f	2024-07-22 05:04:15.84+00	2024-07-22 05:04:15.84+00	1
404	Licensed Granite Chair	The Nagasaki Lander is the trademarked name of several series of Nagasaki sport bikes, that started with the 1984 ABC800J	464	316	17	https://i.seadn.io/s/raw/files/43445c33ca9a539dbc18f39f89c4550c.jpg?auto=format&dpr=1&w=384	f	2024-07-22 05:04:15.859+00	2024-07-22 05:04:15.859+00	1
414	Handcrafted Soft Shoes	The Apollotech B340 is an affordable wireless mouse with reliable connectivity, 12 months battery life and modern design	987	1109	11	https://i.seadn.io/s/raw/files/43445c33ca9a539dbc18f39f89c4550c.jpg?auto=format&dpr=1&w=384	f	2024-07-22 05:04:15.877+00	2024-07-22 05:04:15.877+00	1
424	Handcrafted Steel Shoes	Ergonomic executive chair upholstered in bonded black leather and PVC padded seat and back for all-day comfort and support	583	160	15	https://i.seadn.io/s/raw/files/43445c33ca9a539dbc18f39f89c4550c.jpg?auto=format&dpr=1&w=384	f	2024-07-22 05:04:15.895+00	2024-07-22 05:04:15.895+00	1
435	Ergonomic Frozen Chair	The automobile layout consists of a front-engine design, with transaxle-type transmissions mounted at the rear of the engine and four wheel drive	437	775	19	https://i.seadn.io/s/raw/files/43445c33ca9a539dbc18f39f89c4550c.jpg?auto=format&dpr=1&w=384	f	2024-07-22 05:04:15.915+00	2024-07-22 05:04:15.915+00	1
445	Electronic Granite Chair	New ABC 13 9370, 13.3, 5th Gen CoreA5-8250U, 8GB RAM, 256GB SSD, power UHD Graphics, OS 10 Home, OS Office A & J 2016	409	878	6	https://i.seadn.io/s/raw/files/43445c33ca9a539dbc18f39f89c4550c.jpg?auto=format&dpr=1&w=384	f	2024-07-22 05:04:15.933+00	2024-07-22 05:04:15.933+00	1
453	Handcrafted Metal Mouse	The slim & simple Maple Gaming Keyboard from Dev Byte comes with a sleek body and 7- Color RGB LED Back-lighting for smart functionality	470	1755	6	https://i.seadn.io/s/raw/files/43445c33ca9a539dbc18f39f89c4550c.jpg?auto=format&dpr=1&w=384	f	2024-07-22 05:04:15.948+00	2024-07-22 05:04:15.948+00	1
461	Practical Fresh Chair	New ABC 13 9370, 13.3, 5th Gen CoreA5-8250U, 8GB RAM, 256GB SSD, power UHD Graphics, OS 10 Home, OS Office A & J 2016	623	693	18	https://i.seadn.io/s/raw/files/43445c33ca9a539dbc18f39f89c4550c.jpg?auto=format&dpr=1&w=384	f	2024-07-22 05:04:15.963+00	2024-07-22 05:04:15.963+00	1
470	Recycled Rubber Keyboard	The Football Is Good For Training And Recreational Purposes	931	920	7	https://i.seadn.io/s/raw/files/43445c33ca9a539dbc18f39f89c4550c.jpg?auto=format&dpr=1&w=384	f	2024-07-22 05:04:15.978+00	2024-07-22 05:04:15.978+00	1
481	Practical Steel Car	The slim & simple Maple Gaming Keyboard from Dev Byte comes with a sleek body and 7- Color RGB LED Back-lighting for smart functionality	331	831	13	https://i.seadn.io/s/raw/files/43445c33ca9a539dbc18f39f89c4550c.jpg?auto=format&dpr=1&w=384	f	2024-07-22 05:04:15.997+00	2024-07-22 05:04:15.997+00	1
491	Elegant Rubber Hat	Carbonite web goalkeeper gloves are ergonomically designed to give easy fit	809	141	17	https://i.seadn.io/s/raw/files/43445c33ca9a539dbc18f39f89c4550c.jpg?auto=format&dpr=1&w=384	f	2024-07-22 05:04:16.015+00	2024-07-22 05:04:16.015+00	1
501	Handcrafted Frozen Towels	The beautiful range of Apple Natural that has an exciting mix of natural ingredients. With the Goodness of 100% Natural Ingredients	913	315	6	https://i.seadn.io/s/raw/files/43445c33ca9a539dbc18f39f89c4550c.jpg?auto=format&dpr=1&w=384	f	2024-07-22 05:06:14.595+00	2024-07-22 05:06:14.595+00	1
36	Generic Fresh Towels	Ergonomic executive chair upholstered in bonded black leather and PVC padded seat and back for all-day comfort and support	21	1363	4	https://i.seadn.io/s/raw/files/43445c33ca9a539dbc18f39f89c4550c.jpg?auto=format&dpr=1&w=384	f	2024-07-22 05:04:15.209+00	2024-07-25 11:12:16.183+00	3
28	Ergonomic Soft Sausages	Andy shoes are designed to keeping in mind durability as well as trends, the most stylish range of shoes & sandals	88	912	4	https://i.seadn.io/s/raw/files/43445c33ca9a539dbc18f39f89c4550c.jpg?auto=format&dpr=1&w=384	f	2024-07-22 05:04:15.195+00	2024-07-25 11:12:16.192+00	3
298	Rustic Granite Chicken	The Football Is Good For Training And Recreational Purposes	409	401	11	https://i.seadn.io/s/raw/files/43445c33ca9a539dbc18f39f89c4550c.jpg?auto=format&dpr=1&w=384	f	2024-07-22 05:04:15.683+00	2024-07-22 05:04:15.683+00	1
308	Modern Frozen Pizza	The automobile layout consists of a front-engine design, with transaxle-type transmissions mounted at the rear of the engine and four wheel drive	864	1237	9	https://i.seadn.io/s/raw/files/43445c33ca9a539dbc18f39f89c4550c.jpg?auto=format&dpr=1&w=384	f	2024-07-22 05:04:15.7+00	2024-07-22 05:04:15.7+00	1
318	Small Steel Bacon	The beautiful range of Apple Natural that has an exciting mix of natural ingredients. With the Goodness of 100% Natural Ingredients	473	1464	14	https://i.seadn.io/s/raw/files/43445c33ca9a539dbc18f39f89c4550c.jpg?auto=format&dpr=1&w=384	f	2024-07-22 05:04:15.715+00	2024-07-22 05:04:15.715+00	1
328	Electronic Plastic Pizza	The Football Is Good For Training And Recreational Purposes	745	593	11	https://i.seadn.io/s/raw/files/43445c33ca9a539dbc18f39f89c4550c.jpg?auto=format&dpr=1&w=384	f	2024-07-22 05:04:15.731+00	2024-07-22 05:04:15.731+00	1
339	Small Soft Ball	Andy shoes are designed to keeping in mind durability as well as trends, the most stylish range of shoes & sandals	170	1375	20	https://i.seadn.io/s/raw/files/43445c33ca9a539dbc18f39f89c4550c.jpg?auto=format&dpr=1&w=384	f	2024-07-22 05:04:15.749+00	2024-07-22 05:04:15.749+00	1
349	Luxurious Frozen Pants	Boston's most advanced compression wear technology increases muscle oxygenation, stabilizes active muscles	616	808	10	https://i.seadn.io/s/raw/files/43445c33ca9a539dbc18f39f89c4550c.jpg?auto=format&dpr=1&w=384	f	2024-07-22 05:04:15.765+00	2024-07-22 05:04:15.765+00	1
358	Elegant Fresh Table	The Football Is Good For Training And Recreational Purposes	301	1620	11	https://i.seadn.io/s/raw/files/43445c33ca9a539dbc18f39f89c4550c.jpg?auto=format&dpr=1&w=384	f	2024-07-22 05:04:15.781+00	2024-07-22 05:04:15.781+00	1
368	Elegant Concrete Tuna	The beautiful range of Apple Natural that has an exciting mix of natural ingredients. With the Goodness of 100% Natural Ingredients	758	1455	8	https://i.seadn.io/s/raw/files/43445c33ca9a539dbc18f39f89c4550c.jpg?auto=format&dpr=1&w=384	f	2024-07-22 05:04:15.796+00	2024-07-22 05:04:15.796+00	1
378	Rustic Soft Tuna	New ABC 13 9370, 13.3, 5th Gen CoreA5-8250U, 8GB RAM, 256GB SSD, power UHD Graphics, OS 10 Home, OS Office A & J 2016	194	1605	7	https://i.seadn.io/s/raw/files/43445c33ca9a539dbc18f39f89c4550c.jpg?auto=format&dpr=1&w=384	f	2024-07-22 05:04:15.811+00	2024-07-22 05:04:15.811+00	1
388	Bespoke Bronze Tuna	Boston's most advanced compression wear technology increases muscle oxygenation, stabilizes active muscles	980	578	13	https://i.seadn.io/s/raw/files/43445c33ca9a539dbc18f39f89c4550c.jpg?auto=format&dpr=1&w=384	f	2024-07-22 05:04:15.829+00	2024-07-22 05:04:15.829+00	1
399	Small Frozen Chips	New range of formal shirts are designed keeping you in mind. With fits and styling that will make you stand apart	861	1964	19	https://i.seadn.io/s/raw/files/43445c33ca9a539dbc18f39f89c4550c.jpg?auto=format&dpr=1&w=384	f	2024-07-22 05:04:15.848+00	2024-07-22 05:04:15.848+00	1
413	Elegant Soft Tuna	The Nagasaki Lander is the trademarked name of several series of Nagasaki sport bikes, that started with the 1984 ABC800J	836	213	17	https://i.seadn.io/s/raw/files/43445c33ca9a539dbc18f39f89c4550c.jpg?auto=format&dpr=1&w=384	f	2024-07-22 05:04:15.876+00	2024-07-22 05:04:15.876+00	1
422	Unbranded Metal Bike	Carbonite web goalkeeper gloves are ergonomically designed to give easy fit	873	624	4	https://i.seadn.io/s/raw/files/43445c33ca9a539dbc18f39f89c4550c.jpg?auto=format&dpr=1&w=384	f	2024-07-22 05:04:15.891+00	2024-07-22 05:04:15.891+00	1
432	Electronic Metal Tuna	Ergonomic executive chair upholstered in bonded black leather and PVC padded seat and back for all-day comfort and support	797	679	16	https://i.seadn.io/s/raw/files/43445c33ca9a539dbc18f39f89c4550c.jpg?auto=format&dpr=1&w=384	f	2024-07-22 05:04:15.91+00	2024-07-22 05:04:15.91+00	1
442	Ergonomic Plastic Cheese	The slim & simple Maple Gaming Keyboard from Dev Byte comes with a sleek body and 7- Color RGB LED Back-lighting for smart functionality	309	1960	23	https://i.seadn.io/s/raw/files/43445c33ca9a539dbc18f39f89c4550c.jpg?auto=format&dpr=1&w=384	f	2024-07-22 05:04:15.926+00	2024-07-22 05:04:15.926+00	1
451	Generic Granite Chicken	Carbonite web goalkeeper gloves are ergonomically designed to give easy fit	304	820	12	https://i.seadn.io/s/raw/files/43445c33ca9a539dbc18f39f89c4550c.jpg?auto=format&dpr=1&w=384	f	2024-07-22 05:04:15.945+00	2024-07-22 05:04:15.945+00	1
463	Licensed Bronze Shoes	The slim & simple Maple Gaming Keyboard from Dev Byte comes with a sleek body and 7- Color RGB LED Back-lighting for smart functionality	473	100	10	https://i.seadn.io/s/raw/files/43445c33ca9a539dbc18f39f89c4550c.jpg?auto=format&dpr=1&w=384	f	2024-07-22 05:04:15.966+00	2024-07-22 05:04:15.966+00	1
473	Electronic Granite Keyboard	The slim & simple Maple Gaming Keyboard from Dev Byte comes with a sleek body and 7- Color RGB LED Back-lighting for smart functionality	704	1294	17	https://i.seadn.io/s/raw/files/43445c33ca9a539dbc18f39f89c4550c.jpg?auto=format&dpr=1&w=384	f	2024-07-22 05:04:15.983+00	2024-07-22 05:04:15.983+00	1
483	Incredible Metal Cheese	The beautiful range of Apple Natural that has an exciting mix of natural ingredients. With the Goodness of 100% Natural Ingredients	461	1382	5	https://i.seadn.io/s/raw/files/43445c33ca9a539dbc18f39f89c4550c.jpg?auto=format&dpr=1&w=384	f	2024-07-22 05:04:16.001+00	2024-07-22 05:04:16.001+00	1
492	Refined Frozen Gloves	The Nagasaki Lander is the trademarked name of several series of Nagasaki sport bikes, that started with the 1984 ABC800J	608	52	20	https://i.seadn.io/s/raw/files/43445c33ca9a539dbc18f39f89c4550c.jpg?auto=format&dpr=1&w=384	f	2024-07-22 05:04:16.017+00	2024-07-22 05:04:16.017+00	1
502	Generic Bronze Keyboard	Andy shoes are designed to keeping in mind durability as well as trends, the most stylish range of shoes & sandals	454	309	20	https://i.seadn.io/s/raw/files/43445c33ca9a539dbc18f39f89c4550c.jpg?auto=format&dpr=1&w=384	f	2024-07-22 05:06:34.257+00	2024-07-22 05:06:34.257+00	1
47	Bespoke Fresh Hat	The automobile layout consists of a front-engine design, with transaxle-type transmissions mounted at the rear of the engine and four wheel drive	520	557	4	https://i.seadn.io/s/raw/files/43445c33ca9a539dbc18f39f89c4550c.jpg?auto=format&dpr=1&w=384	f	2024-07-22 05:04:15.231+00	2024-07-25 11:13:36.824+00	3
299	Fantastic Cotton Towels	The slim & simple Maple Gaming Keyboard from Dev Byte comes with a sleek body and 7- Color RGB LED Back-lighting for smart functionality	613	1131	14	https://i.seadn.io/s/raw/files/43445c33ca9a539dbc18f39f89c4550c.jpg?auto=format&dpr=1&w=384	f	2024-07-22 05:04:15.685+00	2024-07-22 05:04:15.685+00	1
309	Awesome Rubber Shoes	The beautiful range of Apple Natural that has an exciting mix of natural ingredients. With the Goodness of 100% Natural Ingredients	509	457	19	https://i.seadn.io/s/raw/files/43445c33ca9a539dbc18f39f89c4550c.jpg?auto=format&dpr=1&w=384	f	2024-07-22 05:04:15.701+00	2024-07-22 05:04:15.701+00	1
319	Handmade Frozen Table	The beautiful range of Apple Natural that has an exciting mix of natural ingredients. With the Goodness of 100% Natural Ingredients	389	838	17	https://i.seadn.io/s/raw/files/43445c33ca9a539dbc18f39f89c4550c.jpg?auto=format&dpr=1&w=384	f	2024-07-22 05:04:15.716+00	2024-07-22 05:04:15.716+00	1
329	Tasty Wooden Shoes	Andy shoes are designed to keeping in mind durability as well as trends, the most stylish range of shoes & sandals	990	861	15	https://i.seadn.io/s/raw/files/43445c33ca9a539dbc18f39f89c4550c.jpg?auto=format&dpr=1&w=384	f	2024-07-22 05:04:15.733+00	2024-07-22 05:04:15.733+00	1
338	Bespoke Bronze Chicken	The Football Is Good For Training And Recreational Purposes	294	1254	23	https://i.seadn.io/s/raw/files/43445c33ca9a539dbc18f39f89c4550c.jpg?auto=format&dpr=1&w=384	f	2024-07-22 05:04:15.748+00	2024-07-22 05:04:15.748+00	1
348	Practical Plastic Bacon	Andy shoes are designed to keeping in mind durability as well as trends, the most stylish range of shoes & sandals	434	1846	18	https://i.seadn.io/s/raw/files/43445c33ca9a539dbc18f39f89c4550c.jpg?auto=format&dpr=1&w=384	f	2024-07-22 05:04:15.764+00	2024-07-22 05:04:15.764+00	1
359	Generic Fresh Computer	Ergonomic executive chair upholstered in bonded black leather and PVC padded seat and back for all-day comfort and support	710	981	11	https://i.seadn.io/s/raw/files/43445c33ca9a539dbc18f39f89c4550c.jpg?auto=format&dpr=1&w=384	f	2024-07-22 05:04:15.782+00	2024-07-22 05:04:15.782+00	1
371	Elegant Soft Pizza	New range of formal shirts are designed keeping you in mind. With fits and styling that will make you stand apart	898	1794	7	https://i.seadn.io/s/raw/files/43445c33ca9a539dbc18f39f89c4550c.jpg?auto=format&dpr=1&w=384	f	2024-07-22 05:04:15.799+00	2024-07-22 05:04:15.799+00	1
381	Ergonomic Cotton Sausages	The automobile layout consists of a front-engine design, with transaxle-type transmissions mounted at the rear of the engine and four wheel drive	611	1827	11	https://i.seadn.io/s/raw/files/43445c33ca9a539dbc18f39f89c4550c.jpg?auto=format&dpr=1&w=384	f	2024-07-22 05:04:15.816+00	2024-07-22 05:04:15.816+00	1
392	Unbranded Bronze Bike	The Apollotech B340 is an affordable wireless mouse with reliable connectivity, 12 months battery life and modern design	959	386	19	https://i.seadn.io/s/raw/files/43445c33ca9a539dbc18f39f89c4550c.jpg?auto=format&dpr=1&w=384	f	2024-07-22 05:04:15.835+00	2024-07-22 05:04:15.835+00	1
402	Practical Plastic Salad	The beautiful range of Apple Natural that has an exciting mix of natural ingredients. With the Goodness of 100% Natural Ingredients	48	636	13	https://i.seadn.io/s/raw/files/43445c33ca9a539dbc18f39f89c4550c.jpg?auto=format&dpr=1&w=384	f	2024-07-22 05:04:15.855+00	2024-07-22 05:04:15.855+00	1
411	Unbranded Frozen Computer	The beautiful range of Apple Natural that has an exciting mix of natural ingredients. With the Goodness of 100% Natural Ingredients	809	297	21	https://i.seadn.io/s/raw/files/43445c33ca9a539dbc18f39f89c4550c.jpg?auto=format&dpr=1&w=384	f	2024-07-22 05:04:15.872+00	2024-07-22 05:04:15.872+00	1
423	Tasty Bronze Shoes	New ABC 13 9370, 13.3, 5th Gen CoreA5-8250U, 8GB RAM, 256GB SSD, power UHD Graphics, OS 10 Home, OS Office A & J 2016	271	906	10	https://i.seadn.io/s/raw/files/43445c33ca9a539dbc18f39f89c4550c.jpg?auto=format&dpr=1&w=384	f	2024-07-22 05:04:15.894+00	2024-07-22 05:04:15.894+00	1
433	Gorgeous Plastic Bike	The slim & simple Maple Gaming Keyboard from Dev Byte comes with a sleek body and 7- Color RGB LED Back-lighting for smart functionality	248	1584	18	https://i.seadn.io/s/raw/files/43445c33ca9a539dbc18f39f89c4550c.jpg?auto=format&dpr=1&w=384	f	2024-07-22 05:04:15.912+00	2024-07-22 05:04:15.912+00	1
443	Awesome Metal Salad	New ABC 13 9370, 13.3, 5th Gen CoreA5-8250U, 8GB RAM, 256GB SSD, power UHD Graphics, OS 10 Home, OS Office A & J 2016	491	1327	6	https://i.seadn.io/s/raw/files/43445c33ca9a539dbc18f39f89c4550c.jpg?auto=format&dpr=1&w=384	f	2024-07-22 05:04:15.93+00	2024-07-22 05:04:15.93+00	1
455	Sleek Frozen Ball	The automobile layout consists of a front-engine design, with transaxle-type transmissions mounted at the rear of the engine and four wheel drive	650	551	10	https://i.seadn.io/s/raw/files/43445c33ca9a539dbc18f39f89c4550c.jpg?auto=format&dpr=1&w=384	f	2024-07-22 05:04:15.952+00	2024-07-22 05:04:15.952+00	1
465	Small Metal Chips	The Apollotech B340 is an affordable wireless mouse with reliable connectivity, 12 months battery life and modern design	813	1716	9	https://i.seadn.io/s/raw/files/43445c33ca9a539dbc18f39f89c4550c.jpg?auto=format&dpr=1&w=384	f	2024-07-22 05:04:15.969+00	2024-07-22 05:04:15.969+00	1
475	Gorgeous Plastic Car	The Football Is Good For Training And Recreational Purposes	348	365	17	https://i.seadn.io/s/raw/files/43445c33ca9a539dbc18f39f89c4550c.jpg?auto=format&dpr=1&w=384	f	2024-07-22 05:04:15.987+00	2024-07-22 05:04:15.987+00	1
485	Handmade Plastic Shirt	Carbonite web goalkeeper gloves are ergonomically designed to give easy fit	25	103	6	https://i.seadn.io/s/raw/files/43445c33ca9a539dbc18f39f89c4550c.jpg?auto=format&dpr=1&w=384	f	2024-07-22 05:04:16.004+00	2024-07-22 05:04:16.004+00	1
495	Rustic Fresh Ball	The Nagasaki Lander is the trademarked name of several series of Nagasaki sport bikes, that started with the 1984 ABC800J	496	1333	16	https://i.seadn.io/s/raw/files/43445c33ca9a539dbc18f39f89c4550c.jpg?auto=format&dpr=1&w=384	f	2024-07-22 05:04:16.021+00	2024-07-22 05:04:16.021+00	1
505	Generic Frozen Pizza	The beautiful range of Apple Natural that has an exciting	452	1531	4		f	2024-07-22 06:03:57.443+00	2024-07-22 06:03:57.444+00	1
55	Refined Cotton Bacon	The Nagasaki Lander is the trademarked name of several series of Nagasaki sport bikes, that started with the 1984 ABC800J	639	112	8	https://i.seadn.io/s/raw/files/43445c33ca9a539dbc18f39f89c4550c.jpg?auto=format&dpr=1&w=384	f	2024-07-22 05:04:15.245+00	2024-07-26 02:36:57.975+00	1
11	Handmade Frozen Chair	The beautiful range of Apple Natural that has an exciting mix of natural ingredients. With the Goodness of 100% Natural Ingredients	633	95	8	https://i.seadn.io/s/raw/files/43445c33ca9a539dbc18f39f89c4550c.jpg?auto=format&dpr=1&w=384	f	2024-07-22 05:04:15.159+00	2024-07-26 02:36:57.986+00	1
300	Sleek Wooden Soap	The Football Is Good For Training And Recreational Purposes	589	527	20	https://i.seadn.io/s/raw/files/43445c33ca9a539dbc18f39f89c4550c.jpg?auto=format&dpr=1&w=384	f	2024-07-22 05:04:15.687+00	2024-07-22 05:04:15.687+00	1
310	Licensed Fresh Tuna	Boston's most advanced compression wear technology increases muscle oxygenation, stabilizes active muscles	764	1597	23	https://i.seadn.io/s/raw/files/43445c33ca9a539dbc18f39f89c4550c.jpg?auto=format&dpr=1&w=384	f	2024-07-22 05:04:15.703+00	2024-07-22 05:04:15.703+00	1
321	Ergonomic Metal Chips	The Nagasaki Lander is the trademarked name of several series of Nagasaki sport bikes, that started with the 1984 ABC800J	646	1535	6	https://i.seadn.io/s/raw/files/43445c33ca9a539dbc18f39f89c4550c.jpg?auto=format&dpr=1&w=384	f	2024-07-22 05:04:15.719+00	2024-07-22 05:04:15.719+00	1
332	Intelligent Frozen Ball	Ergonomic executive chair upholstered in bonded black leather and PVC padded seat and back for all-day comfort and support	792	1059	8	https://i.seadn.io/s/raw/files/43445c33ca9a539dbc18f39f89c4550c.jpg?auto=format&dpr=1&w=384	f	2024-07-22 05:04:15.738+00	2024-07-22 05:04:15.738+00	1
342	Tasty Rubber Hat	The slim & simple Maple Gaming Keyboard from Dev Byte comes with a sleek body and 7- Color RGB LED Back-lighting for smart functionality	925	134	11	https://i.seadn.io/s/raw/files/43445c33ca9a539dbc18f39f89c4550c.jpg?auto=format&dpr=1&w=384	f	2024-07-22 05:04:15.754+00	2024-07-22 05:04:15.754+00	1
352	Unbranded Bronze Soap	The Football Is Good For Training And Recreational Purposes	230	959	14	https://i.seadn.io/s/raw/files/43445c33ca9a539dbc18f39f89c4550c.jpg?auto=format&dpr=1&w=384	f	2024-07-22 05:04:15.77+00	2024-07-22 05:04:15.77+00	1
362	Electronic Soft Gloves	Carbonite web goalkeeper gloves are ergonomically designed to give easy fit	402	1164	8	https://i.seadn.io/s/raw/files/43445c33ca9a539dbc18f39f89c4550c.jpg?auto=format&dpr=1&w=384	f	2024-07-22 05:04:15.787+00	2024-07-22 05:04:15.787+00	1
372	Recycled Fresh Chips	Ergonomic executive chair upholstered in bonded black leather and PVC padded seat and back for all-day comfort and support	883	1030	11	https://i.seadn.io/s/raw/files/43445c33ca9a539dbc18f39f89c4550c.jpg?auto=format&dpr=1&w=384	f	2024-07-22 05:04:15.801+00	2024-07-22 05:04:15.801+00	1
382	Elegant Soft Bacon	New ABC 13 9370, 13.3, 5th Gen CoreA5-8250U, 8GB RAM, 256GB SSD, power UHD Graphics, OS 10 Home, OS Office A & J 2016	839	1065	21	https://i.seadn.io/s/raw/files/43445c33ca9a539dbc18f39f89c4550c.jpg?auto=format&dpr=1&w=384	f	2024-07-22 05:04:15.818+00	2024-07-22 05:04:15.818+00	1
391	Recycled Frozen Chips	Ergonomic executive chair upholstered in bonded black leather and PVC padded seat and back for all-day comfort and support	813	1489	17	https://i.seadn.io/s/raw/files/43445c33ca9a539dbc18f39f89c4550c.jpg?auto=format&dpr=1&w=384	f	2024-07-22 05:04:15.833+00	2024-07-22 05:04:15.833+00	1
401	Oriental Soft Cheese	The automobile layout consists of a front-engine design, with transaxle-type transmissions mounted at the rear of the engine and four wheel drive	957	986	6	https://i.seadn.io/s/raw/files/43445c33ca9a539dbc18f39f89c4550c.jpg?auto=format&dpr=1&w=384	f	2024-07-22 05:04:15.853+00	2024-07-22 05:04:15.853+00	1
410	Sleek Cotton Cheese	The beautiful range of Apple Natural that has an exciting mix of natural ingredients. With the Goodness of 100% Natural Ingredients	54	1965	21	https://i.seadn.io/s/raw/files/43445c33ca9a539dbc18f39f89c4550c.jpg?auto=format&dpr=1&w=384	f	2024-07-22 05:04:15.87+00	2024-07-22 05:04:15.87+00	1
420	Oriental Frozen Chair	Andy shoes are designed to keeping in mind durability as well as trends, the most stylish range of shoes & sandals	180	945	21	https://i.seadn.io/s/raw/files/43445c33ca9a539dbc18f39f89c4550c.jpg?auto=format&dpr=1&w=384	f	2024-07-22 05:04:15.887+00	2024-07-22 05:04:15.887+00	1
430	Elegant Cotton Computer	Ergonomic executive chair upholstered in bonded black leather and PVC padded seat and back for all-day comfort and support	367	1074	20	https://i.seadn.io/s/raw/files/43445c33ca9a539dbc18f39f89c4550c.jpg?auto=format&dpr=1&w=384	f	2024-07-22 05:04:15.906+00	2024-07-22 05:04:15.906+00	1
439	Elegant Soft Chips	New range of formal shirts are designed keeping you in mind. With fits and styling that will make you stand apart	167	1047	6	https://i.seadn.io/s/raw/files/43445c33ca9a539dbc18f39f89c4550c.jpg?auto=format&dpr=1&w=384	f	2024-07-22 05:04:15.921+00	2024-07-22 05:04:15.921+00	1
448	Incredible Granite Pizza	The beautiful range of Apple Natural that has an exciting mix of natural ingredients. With the Goodness of 100% Natural Ingredients	972	1135	19	https://i.seadn.io/s/raw/files/43445c33ca9a539dbc18f39f89c4550c.jpg?auto=format&dpr=1&w=384	f	2024-07-22 05:04:15.938+00	2024-07-22 05:04:15.938+00	1
457	Modern Fresh Bike	The beautiful range of Apple Natural that has an exciting mix of natural ingredients. With the Goodness of 100% Natural Ingredients	118	1541	9	https://i.seadn.io/s/raw/files/43445c33ca9a539dbc18f39f89c4550c.jpg?auto=format&dpr=1&w=384	f	2024-07-22 05:04:15.956+00	2024-07-22 05:04:15.956+00	1
466	Intelligent Granite Fish	New range of formal shirts are designed keeping you in mind. With fits and styling that will make you stand apart	229	116	12	https://i.seadn.io/s/raw/files/43445c33ca9a539dbc18f39f89c4550c.jpg?auto=format&dpr=1&w=384	f	2024-07-22 05:04:15.971+00	2024-07-22 05:04:15.971+00	1
476	Oriental Cotton Gloves	Boston's most advanced compression wear technology increases muscle oxygenation, stabilizes active muscles	596	1492	8	https://i.seadn.io/s/raw/files/43445c33ca9a539dbc18f39f89c4550c.jpg?auto=format&dpr=1&w=384	f	2024-07-22 05:04:15.989+00	2024-07-22 05:04:15.989+00	1
486	Modern Frozen Pants	Andy shoes are designed to keeping in mind durability as well as trends, the most stylish range of shoes & sandals	180	991	13	https://i.seadn.io/s/raw/files/43445c33ca9a539dbc18f39f89c4550c.jpg?auto=format&dpr=1&w=384	f	2024-07-22 05:04:16.006+00	2024-07-22 05:04:16.006+00	1
498	Awesome Fresh Salad	New range of formal shirts are designed keeping you in mind. With fits and styling that will make you stand apart	551	768	16	https://i.seadn.io/s/raw/files/43445c33ca9a539dbc18f39f89c4550c.jpg?auto=format&dpr=1&w=384	f	2024-07-22 05:04:16.027+00	2024-07-22 05:04:16.027+00	1
509	Generic Frozen Pizza	The beautiful range of Apple Natural that has an exciting	452	1531	7		f	2024-07-22 06:08:34.615+00	2024-07-22 06:08:34.615+00	1
302	Handcrafted Steel Mouse	The Nagasaki Lander is the trademarked name of several series of Nagasaki sport bikes, that started with the 1984 ABC800J	927	100	12	https://i.seadn.io/s/raw/files/43445c33ca9a539dbc18f39f89c4550c.jpg?auto=format&dpr=1&w=384	f	2024-07-22 05:04:15.69+00	2024-07-22 05:04:15.69+00	1
312	Recycled Plastic Chips	Andy shoes are designed to keeping in mind durability as well as trends, the most stylish range of shoes & sandals	725	895	8	https://i.seadn.io/s/raw/files/43445c33ca9a539dbc18f39f89c4550c.jpg?auto=format&dpr=1&w=384	f	2024-07-22 05:04:15.705+00	2024-07-22 05:04:15.705+00	1
322	Gorgeous Wooden Mouse	The beautiful range of Apple Natural that has an exciting mix of natural ingredients. With the Goodness of 100% Natural Ingredients	446	1974	6	https://i.seadn.io/s/raw/files/43445c33ca9a539dbc18f39f89c4550c.jpg?auto=format&dpr=1&w=384	f	2024-07-22 05:04:15.72+00	2024-07-22 05:04:15.72+00	1
336	Fantastic Frozen Shirt	Andy shoes are designed to keeping in mind durability as well as trends, the most stylish range of shoes & sandals	50	222	11	https://i.seadn.io/s/raw/files/43445c33ca9a539dbc18f39f89c4550c.jpg?auto=format&dpr=1&w=384	f	2024-07-22 05:04:15.745+00	2024-07-22 05:04:15.745+00	1
345	Awesome Granite Sausages	New range of formal shirts are designed keeping you in mind. With fits and styling that will make you stand apart	118	794	18	https://i.seadn.io/s/raw/files/43445c33ca9a539dbc18f39f89c4550c.jpg?auto=format&dpr=1&w=384	f	2024-07-22 05:04:15.759+00	2024-07-22 05:04:15.759+00	1
355	Small Bronze Hat	Carbonite web goalkeeper gloves are ergonomically designed to give easy fit	410	1900	19	https://i.seadn.io/s/raw/files/43445c33ca9a539dbc18f39f89c4550c.jpg?auto=format&dpr=1&w=384	f	2024-07-22 05:04:15.776+00	2024-07-22 05:04:15.776+00	1
365	Electronic Fresh Hat	The beautiful range of Apple Natural that has an exciting mix of natural ingredients. With the Goodness of 100% Natural Ingredients	459	342	18	https://i.seadn.io/s/raw/files/43445c33ca9a539dbc18f39f89c4550c.jpg?auto=format&dpr=1&w=384	f	2024-07-22 05:04:15.791+00	2024-07-22 05:04:15.791+00	1
376	Modern Rubber Car	The automobile layout consists of a front-engine design, with transaxle-type transmissions mounted at the rear of the engine and four wheel drive	245	305	22	https://i.seadn.io/s/raw/files/43445c33ca9a539dbc18f39f89c4550c.jpg?auto=format&dpr=1&w=384	f	2024-07-22 05:04:15.807+00	2024-07-22 05:04:15.807+00	1
384	Electronic Fresh Sausages	The Football Is Good For Training And Recreational Purposes	938	949	13	https://i.seadn.io/s/raw/files/43445c33ca9a539dbc18f39f89c4550c.jpg?auto=format&dpr=1&w=384	f	2024-07-22 05:04:15.821+00	2024-07-22 05:04:15.821+00	1
394	Luxurious Wooden Fish	Carbonite web goalkeeper gloves are ergonomically designed to give easy fit	561	964	19	https://i.seadn.io/s/raw/files/43445c33ca9a539dbc18f39f89c4550c.jpg?auto=format&dpr=1&w=384	f	2024-07-22 05:04:15.838+00	2024-07-22 05:04:15.838+00	1
406	Generic Metal Chicken	The automobile layout consists of a front-engine design, with transaxle-type transmissions mounted at the rear of the engine and four wheel drive	962	1665	5	https://i.seadn.io/s/raw/files/43445c33ca9a539dbc18f39f89c4550c.jpg?auto=format&dpr=1&w=384	f	2024-07-22 05:04:15.863+00	2024-07-22 05:04:15.863+00	1
416	Modern Steel Pizza	New range of formal shirts are designed keeping you in mind. With fits and styling that will make you stand apart	210	1095	4	https://i.seadn.io/s/raw/files/43445c33ca9a539dbc18f39f89c4550c.jpg?auto=format&dpr=1&w=384	f	2024-07-22 05:04:15.88+00	2024-07-22 05:04:15.88+00	1
426	Fantastic Plastic Computer	The Nagasaki Lander is the trademarked name of several series of Nagasaki sport bikes, that started with the 1984 ABC800J	681	1945	13	https://i.seadn.io/s/raw/files/43445c33ca9a539dbc18f39f89c4550c.jpg?auto=format&dpr=1&w=384	f	2024-07-22 05:04:15.899+00	2024-07-22 05:04:15.899+00	1
436	Practical Metal Bacon	The Apollotech B340 is an affordable wireless mouse with reliable connectivity, 12 months battery life and modern design	989	1165	7	https://i.seadn.io/s/raw/files/43445c33ca9a539dbc18f39f89c4550c.jpg?auto=format&dpr=1&w=384	f	2024-07-22 05:04:15.916+00	2024-07-22 05:04:15.916+00	1
446	Awesome Soft Chicken	The Football Is Good For Training And Recreational Purposes	680	533	9	https://i.seadn.io/s/raw/files/43445c33ca9a539dbc18f39f89c4550c.jpg?auto=format&dpr=1&w=384	f	2024-07-22 05:04:15.935+00	2024-07-22 05:04:15.935+00	1
454	Gorgeous Fresh Keyboard	The beautiful range of Apple Natural that has an exciting mix of natural ingredients. With the Goodness of 100% Natural Ingredients	918	1	22	https://i.seadn.io/s/raw/files/43445c33ca9a539dbc18f39f89c4550c.jpg?auto=format&dpr=1&w=384	f	2024-07-22 05:04:15.95+00	2024-07-22 05:04:15.95+00	1
462	Oriental Soft Pizza	The Football Is Good For Training And Recreational Purposes	57	750	16	https://i.seadn.io/s/raw/files/43445c33ca9a539dbc18f39f89c4550c.jpg?auto=format&dpr=1&w=384	f	2024-07-22 05:04:15.965+00	2024-07-22 05:04:15.965+00	1
471	Generic Concrete Mouse	Boston's most advanced compression wear technology increases muscle oxygenation, stabilizes active muscles	25	1617	19	https://i.seadn.io/s/raw/files/43445c33ca9a539dbc18f39f89c4550c.jpg?auto=format&dpr=1&w=384	f	2024-07-22 05:04:15.98+00	2024-07-22 05:04:15.98+00	1
482	Luxurious Bronze Mouse	New ABC 13 9370, 13.3, 5th Gen CoreA5-8250U, 8GB RAM, 256GB SSD, power UHD Graphics, OS 10 Home, OS Office A & J 2016	888	497	13	https://i.seadn.io/s/raw/files/43445c33ca9a539dbc18f39f89c4550c.jpg?auto=format&dpr=1&w=384	f	2024-07-22 05:04:15.999+00	2024-07-22 05:04:15.999+00	1
494	Oriental Soft Chicken	The slim & simple Maple Gaming Keyboard from Dev Byte comes with a sleek body and 7- Color RGB LED Back-lighting for smart functionality	609	1844	12	https://i.seadn.io/s/raw/files/43445c33ca9a539dbc18f39f89c4550c.jpg?auto=format&dpr=1&w=384	f	2024-07-22 05:04:16.02+00	2024-07-22 05:04:16.02+00	1
504	Generic Frozen Pizza	The beautiful range of Apple Natural that has an exciting	452	1531	4		f	2024-07-22 06:02:56.104+00	2024-07-22 06:02:56.104+00	1
303	Tasty Rubber Bike	The Nagasaki Lander is the trademarked name of several series of Nagasaki sport bikes, that started with the 1984 ABC800J	627	422	21	https://i.seadn.io/s/raw/files/43445c33ca9a539dbc18f39f89c4550c.jpg?auto=format&dpr=1&w=384	f	2024-07-22 05:04:15.692+00	2024-07-22 05:04:15.692+00	1
313	Refined Rubber Mouse	The slim & simple Maple Gaming Keyboard from Dev Byte comes with a sleek body and 7- Color RGB LED Back-lighting for smart functionality	933	1764	11	https://i.seadn.io/s/raw/files/43445c33ca9a539dbc18f39f89c4550c.jpg?auto=format&dpr=1&w=384	f	2024-07-22 05:04:15.707+00	2024-07-22 05:04:15.707+00	1
323	Handmade Rubber Pants	Andy shoes are designed to keeping in mind durability as well as trends, the most stylish range of shoes & sandals	82	1589	5	https://i.seadn.io/s/raw/files/43445c33ca9a539dbc18f39f89c4550c.jpg?auto=format&dpr=1&w=384	f	2024-07-22 05:04:15.722+00	2024-07-22 05:04:15.722+00	1
331	Fantastic Bronze Hat	The slim & simple Maple Gaming Keyboard from Dev Byte comes with a sleek body and 7- Color RGB LED Back-lighting for smart functionality	190	703	6	https://i.seadn.io/s/raw/files/43445c33ca9a539dbc18f39f89c4550c.jpg?auto=format&dpr=1&w=384	f	2024-07-22 05:04:15.736+00	2024-07-22 05:04:15.736+00	1
341	Tasty Concrete Chicken	Ergonomic executive chair upholstered in bonded black leather and PVC padded seat and back for all-day comfort and support	16	50	22	https://i.seadn.io/s/raw/files/43445c33ca9a539dbc18f39f89c4550c.jpg?auto=format&dpr=1&w=384	f	2024-07-22 05:04:15.752+00	2024-07-22 05:04:15.752+00	1
351	Luxurious Cotton Chicken	Andy shoes are designed to keeping in mind durability as well as trends, the most stylish range of shoes & sandals	479	243	20	https://i.seadn.io/s/raw/files/43445c33ca9a539dbc18f39f89c4550c.jpg?auto=format&dpr=1&w=384	f	2024-07-22 05:04:15.769+00	2024-07-22 05:04:15.769+00	1
361	Electronic Fresh Shirt	The Nagasaki Lander is the trademarked name of several series of Nagasaki sport bikes, that started with the 1984 ABC800J	449	1947	18	https://i.seadn.io/s/raw/files/43445c33ca9a539dbc18f39f89c4550c.jpg?auto=format&dpr=1&w=384	f	2024-07-22 05:04:15.785+00	2024-07-22 05:04:15.785+00	1
370	Licensed Concrete Gloves	Ergonomic executive chair upholstered in bonded black leather and PVC padded seat and back for all-day comfort and support	42	1988	5	https://i.seadn.io/s/raw/files/43445c33ca9a539dbc18f39f89c4550c.jpg?auto=format&dpr=1&w=384	f	2024-07-22 05:04:15.798+00	2024-07-22 05:04:15.798+00	1
380	Handmade Metal Shoes	New ABC 13 9370, 13.3, 5th Gen CoreA5-8250U, 8GB RAM, 256GB SSD, power UHD Graphics, OS 10 Home, OS Office A & J 2016	493	584	8	https://i.seadn.io/s/raw/files/43445c33ca9a539dbc18f39f89c4550c.jpg?auto=format&dpr=1&w=384	f	2024-07-22 05:04:15.815+00	2024-07-22 05:04:15.815+00	1
390	Electronic Cotton Computer	The automobile layout consists of a front-engine design, with transaxle-type transmissions mounted at the rear of the engine and four wheel drive	801	1234	6	https://i.seadn.io/s/raw/files/43445c33ca9a539dbc18f39f89c4550c.jpg?auto=format&dpr=1&w=384	f	2024-07-22 05:04:15.832+00	2024-07-22 05:04:15.832+00	1
400	Incredible Cotton Chips	Ergonomic executive chair upholstered in bonded black leather and PVC padded seat and back for all-day comfort and support	182	393	12	https://i.seadn.io/s/raw/files/43445c33ca9a539dbc18f39f89c4550c.jpg?auto=format&dpr=1&w=384	f	2024-07-22 05:04:15.85+00	2024-07-22 05:04:15.85+00	1
409	Tasty Concrete Bacon	The beautiful range of Apple Natural that has an exciting mix of natural ingredients. With the Goodness of 100% Natural Ingredients	182	1955	15	https://i.seadn.io/s/raw/files/43445c33ca9a539dbc18f39f89c4550c.jpg?auto=format&dpr=1&w=384	f	2024-07-22 05:04:15.869+00	2024-07-22 05:04:15.869+00	1
419	Luxurious Metal Sausages	Ergonomic executive chair upholstered in bonded black leather and PVC padded seat and back for all-day comfort and support	326	1434	4	https://i.seadn.io/s/raw/files/43445c33ca9a539dbc18f39f89c4550c.jpg?auto=format&dpr=1&w=384	f	2024-07-22 05:04:15.886+00	2024-07-22 05:04:15.886+00	1
429	Bespoke Frozen Chair	The beautiful range of Apple Natural that has an exciting mix of natural ingredients. With the Goodness of 100% Natural Ingredients	563	1818	6	https://i.seadn.io/s/raw/files/43445c33ca9a539dbc18f39f89c4550c.jpg?auto=format&dpr=1&w=384	f	2024-07-22 05:04:15.904+00	2024-07-22 05:04:15.904+00	1
438	Sleek Bronze Shoes	New ABC 13 9370, 13.3, 5th Gen CoreA5-8250U, 8GB RAM, 256GB SSD, power UHD Graphics, OS 10 Home, OS Office A & J 2016	42	289	15	https://i.seadn.io/s/raw/files/43445c33ca9a539dbc18f39f89c4550c.jpg?auto=format&dpr=1&w=384	f	2024-07-22 05:04:15.919+00	2024-07-22 05:04:15.919+00	1
452	Refined Wooden Car	Andy shoes are designed to keeping in mind durability as well as trends, the most stylish range of shoes & sandals	452	18	12	https://i.seadn.io/s/raw/files/43445c33ca9a539dbc18f39f89c4550c.jpg?auto=format&dpr=1&w=384	f	2024-07-22 05:04:15.947+00	2024-07-22 05:04:15.947+00	1
467	Gorgeous Wooden Pants	The beautiful range of Apple Natural that has an exciting mix of natural ingredients. With the Goodness of 100% Natural Ingredients	737	1170	20	https://i.seadn.io/s/raw/files/43445c33ca9a539dbc18f39f89c4550c.jpg?auto=format&dpr=1&w=384	f	2024-07-22 05:04:15.973+00	2024-07-22 05:04:15.973+00	1
477	Incredible Plastic Computer	New ABC 13 9370, 13.3, 5th Gen CoreA5-8250U, 8GB RAM, 256GB SSD, power UHD Graphics, OS 10 Home, OS Office A & J 2016	754	2000	6	https://i.seadn.io/s/raw/files/43445c33ca9a539dbc18f39f89c4550c.jpg?auto=format&dpr=1&w=384	f	2024-07-22 05:04:15.991+00	2024-07-22 05:04:15.991+00	1
487	Ergonomic Fresh Chicken	Ergonomic executive chair upholstered in bonded black leather and PVC padded seat and back for all-day comfort and support	522	1274	21	https://i.seadn.io/s/raw/files/43445c33ca9a539dbc18f39f89c4550c.jpg?auto=format&dpr=1&w=384	f	2024-07-22 05:04:16.009+00	2024-07-22 05:04:16.009+00	1
496	Luxurious Granite Bacon	The automobile layout consists of a front-engine design, with transaxle-type transmissions mounted at the rear of the engine and four wheel drive	569	141	7	https://i.seadn.io/s/raw/files/43445c33ca9a539dbc18f39f89c4550c.jpg?auto=format&dpr=1&w=384	f	2024-07-22 05:04:16.023+00	2024-07-22 05:04:16.023+00	1
506	Generic Frozen Pizza	The beautiful range of Apple Natural that has an exciting	452	1531	4		f	2024-07-22 06:05:55.519+00	2024-07-22 06:05:55.519+00	1
304	Practical Bronze Tuna	New range of formal shirts are designed keeping you in mind. With fits and styling that will make you stand apart	733	245	18	https://i.seadn.io/s/raw/files/43445c33ca9a539dbc18f39f89c4550c.jpg?auto=format&dpr=1&w=384	f	2024-07-22 05:04:15.693+00	2024-07-22 05:04:15.693+00	1
314	Handcrafted Plastic Salad	Ergonomic executive chair upholstered in bonded black leather and PVC padded seat and back for all-day comfort and support	784	44	16	https://i.seadn.io/s/raw/files/43445c33ca9a539dbc18f39f89c4550c.jpg?auto=format&dpr=1&w=384	f	2024-07-22 05:04:15.708+00	2024-07-22 05:04:15.708+00	1
324	Handmade Plastic Mouse	New ABC 13 9370, 13.3, 5th Gen CoreA5-8250U, 8GB RAM, 256GB SSD, power UHD Graphics, OS 10 Home, OS Office A & J 2016	992	1781	22	https://i.seadn.io/s/raw/files/43445c33ca9a539dbc18f39f89c4550c.jpg?auto=format&dpr=1&w=384	f	2024-07-22 05:04:15.723+00	2024-07-22 05:04:15.724+00	1
333	Small Rubber Hat	The slim & simple Maple Gaming Keyboard from Dev Byte comes with a sleek body and 7- Color RGB LED Back-lighting for smart functionality	632	836	5	https://i.seadn.io/s/raw/files/43445c33ca9a539dbc18f39f89c4550c.jpg?auto=format&dpr=1&w=384	f	2024-07-22 05:04:15.74+00	2024-07-22 05:04:15.74+00	1
343	Small Frozen Pants	New ABC 13 9370, 13.3, 5th Gen CoreA5-8250U, 8GB RAM, 256GB SSD, power UHD Graphics, OS 10 Home, OS Office A & J 2016	994	1779	10	https://i.seadn.io/s/raw/files/43445c33ca9a539dbc18f39f89c4550c.jpg?auto=format&dpr=1&w=384	f	2024-07-22 05:04:15.755+00	2024-07-22 05:04:15.755+00	1
353	Sleek Concrete Pants	The beautiful range of Apple Natural that has an exciting mix of natural ingredients. With the Goodness of 100% Natural Ingredients	387	906	22	https://i.seadn.io/s/raw/files/43445c33ca9a539dbc18f39f89c4550c.jpg?auto=format&dpr=1&w=384	f	2024-07-22 05:04:15.772+00	2024-07-22 05:04:15.772+00	1
363	Bespoke Fresh Tuna	The Football Is Good For Training And Recreational Purposes	207	1912	14	https://i.seadn.io/s/raw/files/43445c33ca9a539dbc18f39f89c4550c.jpg?auto=format&dpr=1&w=384	f	2024-07-22 05:04:15.788+00	2024-07-22 05:04:15.788+00	1
373	Incredible Fresh Hat	Carbonite web goalkeeper gloves are ergonomically designed to give easy fit	793	122	17	https://i.seadn.io/s/raw/files/43445c33ca9a539dbc18f39f89c4550c.jpg?auto=format&dpr=1&w=384	f	2024-07-22 05:04:15.802+00	2024-07-22 05:04:15.802+00	1
383	Recycled Cotton Pizza	Ergonomic executive chair upholstered in bonded black leather and PVC padded seat and back for all-day comfort and support	436	1072	15	https://i.seadn.io/s/raw/files/43445c33ca9a539dbc18f39f89c4550c.jpg?auto=format&dpr=1&w=384	f	2024-07-22 05:04:15.819+00	2024-07-22 05:04:15.819+00	1
393	Generic Granite Cheese	Andy shoes are designed to keeping in mind durability as well as trends, the most stylish range of shoes & sandals	482	1820	12	https://i.seadn.io/s/raw/files/43445c33ca9a539dbc18f39f89c4550c.jpg?auto=format&dpr=1&w=384	f	2024-07-22 05:04:15.836+00	2024-07-22 05:04:15.836+00	1
403	Sleek Steel Bike	The automobile layout consists of a front-engine design, with transaxle-type transmissions mounted at the rear of the engine and four wheel drive	446	903	11	https://i.seadn.io/s/raw/files/43445c33ca9a539dbc18f39f89c4550c.jpg?auto=format&dpr=1&w=384	f	2024-07-22 05:04:15.857+00	2024-07-22 05:04:15.857+00	1
412	Gorgeous Frozen Gloves	New range of formal shirts are designed keeping you in mind. With fits and styling that will make you stand apart	107	1889	20	https://i.seadn.io/s/raw/files/43445c33ca9a539dbc18f39f89c4550c.jpg?auto=format&dpr=1&w=384	f	2024-07-22 05:04:15.874+00	2024-07-22 05:04:15.874+00	1
421	Refined Metal Sausages	Carbonite web goalkeeper gloves are ergonomically designed to give easy fit	320	1964	15	https://i.seadn.io/s/raw/files/43445c33ca9a539dbc18f39f89c4550c.jpg?auto=format&dpr=1&w=384	f	2024-07-22 05:04:15.889+00	2024-07-22 05:04:15.889+00	1
431	Handcrafted Metal Ball	Ergonomic executive chair upholstered in bonded black leather and PVC padded seat and back for all-day comfort and support	481	1366	8	https://i.seadn.io/s/raw/files/43445c33ca9a539dbc18f39f89c4550c.jpg?auto=format&dpr=1&w=384	f	2024-07-22 05:04:15.908+00	2024-07-22 05:04:15.908+00	1
440	Licensed Steel Ball	New ABC 13 9370, 13.3, 5th Gen CoreA5-8250U, 8GB RAM, 256GB SSD, power UHD Graphics, OS 10 Home, OS Office A & J 2016	888	1896	8	https://i.seadn.io/s/raw/files/43445c33ca9a539dbc18f39f89c4550c.jpg?auto=format&dpr=1&w=384	f	2024-07-22 05:04:15.922+00	2024-07-22 05:04:15.922+00	1
449	Elegant Concrete Sausages	The Nagasaki Lander is the trademarked name of several series of Nagasaki sport bikes, that started with the 1984 ABC800J	418	1194	12	https://i.seadn.io/s/raw/files/43445c33ca9a539dbc18f39f89c4550c.jpg?auto=format&dpr=1&w=384	f	2024-07-22 05:04:15.94+00	2024-07-22 05:04:15.94+00	1
459	Small Plastic Pizza	The Football Is Good For Training And Recreational Purposes	416	1088	17	https://i.seadn.io/s/raw/files/43445c33ca9a539dbc18f39f89c4550c.jpg?auto=format&dpr=1&w=384	f	2024-07-22 05:04:15.96+00	2024-07-22 05:04:15.96+00	1
469	Recycled Rubber Chicken	Boston's most advanced compression wear technology increases muscle oxygenation, stabilizes active muscles	539	126	19	https://i.seadn.io/s/raw/files/43445c33ca9a539dbc18f39f89c4550c.jpg?auto=format&dpr=1&w=384	f	2024-07-22 05:04:15.977+00	2024-07-22 05:04:15.977+00	1
479	Licensed Bronze Mouse	The slim & simple Maple Gaming Keyboard from Dev Byte comes with a sleek body and 7- Color RGB LED Back-lighting for smart functionality	927	524	18	https://i.seadn.io/s/raw/files/43445c33ca9a539dbc18f39f89c4550c.jpg?auto=format&dpr=1&w=384	f	2024-07-22 05:04:15.994+00	2024-07-22 05:04:15.994+00	1
488	Luxurious Wooden Shoes	The Nagasaki Lander is the trademarked name of several series of Nagasaki sport bikes, that started with the 1984 ABC800J	162	107	23	https://i.seadn.io/s/raw/files/43445c33ca9a539dbc18f39f89c4550c.jpg?auto=format&dpr=1&w=384	f	2024-07-22 05:04:16.01+00	2024-07-22 05:04:16.01+00	1
497	Sleek Rubber Mouse	Boston's most advanced compression wear technology increases muscle oxygenation, stabilizes active muscles	515	538	21	https://i.seadn.io/s/raw/files/43445c33ca9a539dbc18f39f89c4550c.jpg?auto=format&dpr=1&w=384	f	2024-07-22 05:04:16.025+00	2024-07-22 05:04:16.025+00	1
507	Generic Frozen Pizza	The beautiful range of Apple Natural that has an exciting	452	1531	5		f	2024-07-22 06:06:45.866+00	2024-07-22 06:06:45.866+00	1
306	Fantastic Granite Pants	Andy shoes are designed to keeping in mind durability as well as trends, the most stylish range of shoes & sandals	108	1663	6	https://i.seadn.io/s/raw/files/43445c33ca9a539dbc18f39f89c4550c.jpg?auto=format&dpr=1&w=384	f	2024-07-22 05:04:15.697+00	2024-07-22 05:04:15.697+00	1
316	Sleek Fresh Chips	Carbonite web goalkeeper gloves are ergonomically designed to give easy fit	302	1400	7	https://i.seadn.io/s/raw/files/43445c33ca9a539dbc18f39f89c4550c.jpg?auto=format&dpr=1&w=384	f	2024-07-22 05:04:15.712+00	2024-07-22 05:04:15.712+00	1
326	Rustic Frozen Salad	Carbonite web goalkeeper gloves are ergonomically designed to give easy fit	830	1937	23	https://i.seadn.io/s/raw/files/43445c33ca9a539dbc18f39f89c4550c.jpg?auto=format&dpr=1&w=384	f	2024-07-22 05:04:15.727+00	2024-07-22 05:04:15.727+00	1
335	Unbranded Wooden Table	Andy shoes are designed to keeping in mind durability as well as trends, the most stylish range of shoes & sandals	394	923	5	https://i.seadn.io/s/raw/files/43445c33ca9a539dbc18f39f89c4550c.jpg?auto=format&dpr=1&w=384	f	2024-07-22 05:04:15.743+00	2024-07-22 05:04:15.743+00	1
347	Modern Wooden Chicken	The slim & simple Maple Gaming Keyboard from Dev Byte comes with a sleek body and 7- Color RGB LED Back-lighting for smart functionality	168	0	22	https://i.seadn.io/s/raw/files/43445c33ca9a539dbc18f39f89c4550c.jpg?auto=format&dpr=1&w=384	f	2024-07-22 05:04:15.762+00	2024-07-22 05:04:15.762+00	1
357	Fantastic Soft Chair	The beautiful range of Apple Natural that has an exciting mix of natural ingredients. With the Goodness of 100% Natural Ingredients	491	1140	16	https://i.seadn.io/s/raw/files/43445c33ca9a539dbc18f39f89c4550c.jpg?auto=format&dpr=1&w=384	f	2024-07-22 05:04:15.779+00	2024-07-22 05:04:15.779+00	1
367	Elegant Fresh Soap	The beautiful range of Apple Natural that has an exciting mix of natural ingredients. With the Goodness of 100% Natural Ingredients	948	1856	23	https://i.seadn.io/s/raw/files/43445c33ca9a539dbc18f39f89c4550c.jpg?auto=format&dpr=1&w=384	f	2024-07-22 05:04:15.794+00	2024-07-22 05:04:15.794+00	1
377	Unbranded Bronze Chips	The beautiful range of Apple Natural that has an exciting mix of natural ingredients. With the Goodness of 100% Natural Ingredients	52	945	21	https://i.seadn.io/s/raw/files/43445c33ca9a539dbc18f39f89c4550c.jpg?auto=format&dpr=1&w=384	f	2024-07-22 05:04:15.809+00	2024-07-22 05:04:15.809+00	1
386	Recycled Wooden Mouse	The Football Is Good For Training And Recreational Purposes	2	854	12	https://i.seadn.io/s/raw/files/43445c33ca9a539dbc18f39f89c4550c.jpg?auto=format&dpr=1&w=384	f	2024-07-22 05:04:15.825+00	2024-07-22 05:04:15.825+00	1
396	Tasty Cotton Cheese	New range of formal shirts are designed keeping you in mind. With fits and styling that will make you stand apart	834	1738	19	https://i.seadn.io/s/raw/files/43445c33ca9a539dbc18f39f89c4550c.jpg?auto=format&dpr=1&w=384	f	2024-07-22 05:04:15.842+00	2024-07-22 05:04:15.842+00	1
408	Incredible Fresh Chips	The automobile layout consists of a front-engine design, with transaxle-type transmissions mounted at the rear of the engine and four wheel drive	792	577	14	https://i.seadn.io/s/raw/files/43445c33ca9a539dbc18f39f89c4550c.jpg?auto=format&dpr=1&w=384	f	2024-07-22 05:04:15.867+00	2024-07-22 05:04:15.867+00	1
418	Refined Frozen Ball	The Apollotech B340 is an affordable wireless mouse with reliable connectivity, 12 months battery life and modern design	51	1425	23	https://i.seadn.io/s/raw/files/43445c33ca9a539dbc18f39f89c4550c.jpg?auto=format&dpr=1&w=384	f	2024-07-22 05:04:15.884+00	2024-07-22 05:04:15.884+00	1
428	Rustic Soft Shoes	Boston's most advanced compression wear technology increases muscle oxygenation, stabilizes active muscles	194	1822	15	https://i.seadn.io/s/raw/files/43445c33ca9a539dbc18f39f89c4550c.jpg?auto=format&dpr=1&w=384	f	2024-07-22 05:04:15.903+00	2024-07-22 05:04:15.903+00	1
441	Oriental Plastic Chips	New range of formal shirts are designed keeping you in mind. With fits and styling that will make you stand apart	38	1995	7	https://i.seadn.io/s/raw/files/43445c33ca9a539dbc18f39f89c4550c.jpg?auto=format&dpr=1&w=384	f	2024-07-22 05:04:15.924+00	2024-07-22 05:04:15.924+00	1
450	Tasty Metal Sausages	Carbonite web goalkeeper gloves are ergonomically designed to give easy fit	432	63	4	https://i.seadn.io/s/raw/files/43445c33ca9a539dbc18f39f89c4550c.jpg?auto=format&dpr=1&w=384	f	2024-07-22 05:04:15.942+00	2024-07-22 05:04:15.942+00	1
460	Tasty Bronze Tuna	New range of formal shirts are designed keeping you in mind. With fits and styling that will make you stand apart	962	1392	23	https://i.seadn.io/s/raw/files/43445c33ca9a539dbc18f39f89c4550c.jpg?auto=format&dpr=1&w=384	f	2024-07-22 05:04:15.961+00	2024-07-22 05:04:15.961+00	1
472	Small Bronze Keyboard	New ABC 13 9370, 13.3, 5th Gen CoreA5-8250U, 8GB RAM, 256GB SSD, power UHD Graphics, OS 10 Home, OS Office A & J 2016	792	1654	10	https://i.seadn.io/s/raw/files/43445c33ca9a539dbc18f39f89c4550c.jpg?auto=format&dpr=1&w=384	f	2024-07-22 05:04:15.982+00	2024-07-22 05:04:15.982+00	1
480	Bespoke Bronze Mouse	Carbonite web goalkeeper gloves are ergonomically designed to give easy fit	186	1333	6	https://i.seadn.io/s/raw/files/43445c33ca9a539dbc18f39f89c4550c.jpg?auto=format&dpr=1&w=384	f	2024-07-22 05:04:15.996+00	2024-07-22 05:04:15.996+00	1
490	Rustic Steel Chicken	The beautiful range of Apple Natural that has an exciting mix of natural ingredients. With the Goodness of 100% Natural Ingredients	29	583	6	https://i.seadn.io/s/raw/files/43445c33ca9a539dbc18f39f89c4550c.jpg?auto=format&dpr=1&w=384	f	2024-07-22 05:04:16.014+00	2024-07-22 05:04:16.014+00	1
500	Recycled Wooden Fish	Carbonite web goalkeeper gloves are ergonomically designed to give easy fit	245	962	23	https://i.seadn.io/s/raw/files/43445c33ca9a539dbc18f39f89c4550c.jpg?auto=format&dpr=1&w=384	f	2024-07-22 05:04:16.03+00	2024-07-22 05:04:16.03+00	1
311	Intelligent Concrete Chicken	Boston's most advanced compression wear technology increases muscle oxygenation, stabilizes active muscles	640	1342	21	https://i.seadn.io/s/raw/files/43445c33ca9a539dbc18f39f89c4550c.jpg?auto=format&dpr=1&w=384	f	2024-07-22 05:04:15.704+00	2024-07-22 05:04:15.704+00	1
320	Licensed Rubber Computer	The Football Is Good For Training And Recreational Purposes	607	1507	6	https://i.seadn.io/s/raw/files/43445c33ca9a539dbc18f39f89c4550c.jpg?auto=format&dpr=1&w=384	f	2024-07-22 05:04:15.718+00	2024-07-22 05:04:15.718+00	1
330	Ergonomic Steel Bike	The slim & simple Maple Gaming Keyboard from Dev Byte comes with a sleek body and 7- Color RGB LED Back-lighting for smart functionality	478	894	14	https://i.seadn.io/s/raw/files/43445c33ca9a539dbc18f39f89c4550c.jpg?auto=format&dpr=1&w=384	f	2024-07-22 05:04:15.734+00	2024-07-22 05:04:15.734+00	1
340	Modern Steel Car	The Football Is Good For Training And Recreational Purposes	123	1060	21	https://i.seadn.io/s/raw/files/43445c33ca9a539dbc18f39f89c4550c.jpg?auto=format&dpr=1&w=384	f	2024-07-22 05:04:15.751+00	2024-07-22 05:04:15.751+00	1
350	Generic Steel Chips	The Apollotech B340 is an affordable wireless mouse with reliable connectivity, 12 months battery life and modern design	291	1303	11	https://i.seadn.io/s/raw/files/43445c33ca9a539dbc18f39f89c4550c.jpg?auto=format&dpr=1&w=384	f	2024-07-22 05:04:15.767+00	2024-07-22 05:04:15.767+00	1
360	Handmade Concrete Bacon	The Apollotech B340 is an affordable wireless mouse with reliable connectivity, 12 months battery life and modern design	808	1049	10	https://i.seadn.io/s/raw/files/43445c33ca9a539dbc18f39f89c4550c.jpg?auto=format&dpr=1&w=384	f	2024-07-22 05:04:15.784+00	2024-07-22 05:04:15.784+00	1
369	Handcrafted Bronze Gloves	The automobile layout consists of a front-engine design, with transaxle-type transmissions mounted at the rear of the engine and four wheel drive	385	1820	9	https://i.seadn.io/s/raw/files/43445c33ca9a539dbc18f39f89c4550c.jpg?auto=format&dpr=1&w=384	f	2024-07-22 05:04:15.797+00	2024-07-22 05:04:15.797+00	1
379	Tasty Plastic Keyboard	Boston's most advanced compression wear technology increases muscle oxygenation, stabilizes active muscles	547	41	6	https://i.seadn.io/s/raw/files/43445c33ca9a539dbc18f39f89c4550c.jpg?auto=format&dpr=1&w=384	f	2024-07-22 05:04:15.813+00	2024-07-22 05:04:15.813+00	1
389	Small Wooden Chicken	The automobile layout consists of a front-engine design, with transaxle-type transmissions mounted at the rear of the engine and four wheel drive	616	1064	17	https://i.seadn.io/s/raw/files/43445c33ca9a539dbc18f39f89c4550c.jpg?auto=format&dpr=1&w=384	f	2024-07-22 05:04:15.83+00	2024-07-22 05:04:15.83+00	1
398	Tasty Rubber Chips	The Nagasaki Lander is the trademarked name of several series of Nagasaki sport bikes, that started with the 1984 ABC800J	739	328	17	https://i.seadn.io/s/raw/files/43445c33ca9a539dbc18f39f89c4550c.jpg?auto=format&dpr=1&w=384	f	2024-07-22 05:04:15.846+00	2024-07-22 05:04:15.846+00	1
407	Handcrafted Metal Ball	New ABC 13 9370, 13.3, 5th Gen CoreA5-8250U, 8GB RAM, 256GB SSD, power UHD Graphics, OS 10 Home, OS Office A & J 2016	837	1397	9	https://i.seadn.io/s/raw/files/43445c33ca9a539dbc18f39f89c4550c.jpg?auto=format&dpr=1&w=384	f	2024-07-22 05:04:15.865+00	2024-07-22 05:04:15.865+00	1
417	Fantastic Granite Gloves	The slim & simple Maple Gaming Keyboard from Dev Byte comes with a sleek body and 7- Color RGB LED Back-lighting for smart functionality	869	68	21	https://i.seadn.io/s/raw/files/43445c33ca9a539dbc18f39f89c4550c.jpg?auto=format&dpr=1&w=384	f	2024-07-22 05:04:15.882+00	2024-07-22 05:04:15.882+00	1
427	Generic Rubber Cheese	The Football Is Good For Training And Recreational Purposes	324	1313	15	https://i.seadn.io/s/raw/files/43445c33ca9a539dbc18f39f89c4550c.jpg?auto=format&dpr=1&w=384	f	2024-07-22 05:04:15.901+00	2024-07-22 05:04:15.901+00	1
437	Recycled Bronze Car	The slim & simple Maple Gaming Keyboard from Dev Byte comes with a sleek body and 7- Color RGB LED Back-lighting for smart functionality	810	263	15	https://i.seadn.io/s/raw/files/43445c33ca9a539dbc18f39f89c4550c.jpg?auto=format&dpr=1&w=384	f	2024-07-22 05:04:15.918+00	2024-07-22 05:04:15.918+00	1
447	Practical Granite Sausages	The beautiful range of Apple Natural that has an exciting mix of natural ingredients. With the Goodness of 100% Natural Ingredients	92	474	8	https://i.seadn.io/s/raw/files/43445c33ca9a539dbc18f39f89c4550c.jpg?auto=format&dpr=1&w=384	f	2024-07-22 05:04:15.936+00	2024-07-22 05:04:15.936+00	1
456	Bespoke Concrete Pizza	Carbonite web goalkeeper gloves are ergonomically designed to give easy fit	672	118	22	https://i.seadn.io/s/raw/files/43445c33ca9a539dbc18f39f89c4550c.jpg?auto=format&dpr=1&w=384	f	2024-07-22 05:04:15.954+00	2024-07-22 05:04:15.954+00	1
464	Incredible Bronze Bike	The Nagasaki Lander is the trademarked name of several series of Nagasaki sport bikes, that started with the 1984 ABC800J	320	1461	21	https://i.seadn.io/s/raw/files/43445c33ca9a539dbc18f39f89c4550c.jpg?auto=format&dpr=1&w=384	f	2024-07-22 05:04:15.968+00	2024-07-22 05:04:15.968+00	1
474	Electronic Bronze Fish	Carbonite web goalkeeper gloves are ergonomically designed to give easy fit	265	648	23	https://i.seadn.io/s/raw/files/43445c33ca9a539dbc18f39f89c4550c.jpg?auto=format&dpr=1&w=384	f	2024-07-22 05:04:15.985+00	2024-07-22 05:04:15.985+00	1
484	Refined Cotton Fish	The slim & simple Maple Gaming Keyboard from Dev Byte comes with a sleek body and 7- Color RGB LED Back-lighting for smart functionality	35	1810	12	https://i.seadn.io/s/raw/files/43445c33ca9a539dbc18f39f89c4550c.jpg?auto=format&dpr=1&w=384	f	2024-07-22 05:04:16.003+00	2024-07-22 05:04:16.003+00	1
493	Recycled Wooden Chicken	The beautiful range of Apple Natural that has an exciting mix of natural ingredients. With the Goodness of 100% Natural Ingredients	573	1297	4	https://i.seadn.io/s/raw/files/43445c33ca9a539dbc18f39f89c4550c.jpg?auto=format&dpr=1&w=384	f	2024-07-22 05:04:16.018+00	2024-07-22 05:04:16.018+00	1
503	Rustic Steel Ball	Ergonomic executive chair upholstered in bonded black leather and PVC padded seat and back for all-day comfort and support	186	1038	12	https://i.seadn.io/s/raw/files/43445c33ca9a539dbc18f39f89c4550c.jpg?auto=format&dpr=1&w=384	f	2024-07-22 05:47:51.593+00	2024-07-22 05:47:51.594+00	1
\.


--
-- Data for Name: profiles; Type: TABLE DATA; Schema: public; Owner: postgres
--

COPY public.profiles (id, user_id, username, avatar_url, banner_url, bio, is_deleted, created_at, updated_at) FROM stdin;
1	1	tiennhannaruto	https://images.pexels.com/photos/45201/kitty-cat-kitten-pet-45201.jpeg	\N	\N	f	2024-07-22 05:02:38.571+00	2024-07-22 05:02:38.571+00
2	2	ngotientruong26122001	https://images.pexels.com/photos/45201/kitty-cat-kitten-pet-45201.jpeg	\N	\N	f	2024-07-22 05:02:49.475+00	2024-07-22 05:02:49.475+00
3	3	double2t2002	https://images.pexels.com/photos/45201/kitty-cat-kitten-pet-45201.jpeg	\N	\N	f	2024-07-22 05:03:06.113+00	2024-07-22 05:03:06.113+00
\.


--
-- Data for Name: users; Type: TABLE DATA; Schema: public; Owner: postgres
--

COPY public.users (id, email, wallet_balance, refresh_token, is_deleted, created_at, updated_at) FROM stdin;
2	ngotientruong26122001@gmail.com	0.00	\N	f	2024-07-22 05:02:49.472+00	2024-07-22 05:02:49.472+00
3	double2t2002@gmail.com	267.00	\N	f	2024-07-22 05:03:06.11+00	2024-07-25 11:13:36.811+00
1	tiennhannaruto@gmail.com	12220972.50	\N	f	2024-07-22 05:02:38.566+00	2024-07-26 02:37:24.346+00
\.


--
-- Name: adonis_schema_id_seq; Type: SEQUENCE SET; Schema: public; Owner: postgres
--

SELECT pg_catalog.setval('public.adonis_schema_id_seq', 237, true);


--
-- Name: cart_products_id_seq; Type: SEQUENCE SET; Schema: public; Owner: postgres
--

SELECT pg_catalog.setval('public.cart_products_id_seq', 123, true);


--
-- Name: carts_id_seq; Type: SEQUENCE SET; Schema: public; Owner: postgres
--

SELECT pg_catalog.setval('public.carts_id_seq', 3, true);


--
-- Name: categories_id_seq; Type: SEQUENCE SET; Schema: public; Owner: postgres
--

SELECT pg_catalog.setval('public.categories_id_seq', 6, true);


--
-- Name: collections_id_seq; Type: SEQUENCE SET; Schema: public; Owner: postgres
--

SELECT pg_catalog.setval('public.collections_id_seq', 109, true);


--
-- Name: order_details_id_seq; Type: SEQUENCE SET; Schema: public; Owner: postgres
--

SELECT pg_catalog.setval('public.order_details_id_seq', 29, true);


--
-- Name: orders_id_seq; Type: SEQUENCE SET; Schema: public; Owner: postgres
--

SELECT pg_catalog.setval('public.orders_id_seq', 16, true);


--
-- Name: products_id_seq; Type: SEQUENCE SET; Schema: public; Owner: postgres
--

SELECT pg_catalog.setval('public.products_id_seq', 509, true);


--
-- Name: profiles_id_seq; Type: SEQUENCE SET; Schema: public; Owner: postgres
--

SELECT pg_catalog.setval('public.profiles_id_seq', 3, true);


--
-- Name: users_id_seq; Type: SEQUENCE SET; Schema: public; Owner: postgres
--

SELECT pg_catalog.setval('public.users_id_seq', 3, true);


--
-- Name: adonis_schema adonis_schema_pkey; Type: CONSTRAINT; Schema: public; Owner: postgres
--

ALTER TABLE ONLY public.adonis_schema
    ADD CONSTRAINT adonis_schema_pkey PRIMARY KEY (id);


--
-- Name: adonis_schema_versions adonis_schema_versions_pkey; Type: CONSTRAINT; Schema: public; Owner: postgres
--

ALTER TABLE ONLY public.adonis_schema_versions
    ADD CONSTRAINT adonis_schema_versions_pkey PRIMARY KEY (version);


--
-- Name: cart_products cart_products_pkey; Type: CONSTRAINT; Schema: public; Owner: postgres
--

ALTER TABLE ONLY public.cart_products
    ADD CONSTRAINT cart_products_pkey PRIMARY KEY (id);


--
-- Name: carts carts_pkey; Type: CONSTRAINT; Schema: public; Owner: postgres
--

ALTER TABLE ONLY public.carts
    ADD CONSTRAINT carts_pkey PRIMARY KEY (id);


--
-- Name: categories categories_name_unique; Type: CONSTRAINT; Schema: public; Owner: postgres
--

ALTER TABLE ONLY public.categories
    ADD CONSTRAINT categories_name_unique UNIQUE (name);


--
-- Name: categories categories_pkey; Type: CONSTRAINT; Schema: public; Owner: postgres
--

ALTER TABLE ONLY public.categories
    ADD CONSTRAINT categories_pkey PRIMARY KEY (id);


--
-- Name: collections collections_pkey; Type: CONSTRAINT; Schema: public; Owner: postgres
--

ALTER TABLE ONLY public.collections
    ADD CONSTRAINT collections_pkey PRIMARY KEY (id);


--
-- Name: order_details order_details_pkey; Type: CONSTRAINT; Schema: public; Owner: postgres
--

ALTER TABLE ONLY public.order_details
    ADD CONSTRAINT order_details_pkey PRIMARY KEY (id);


--
-- Name: orders orders_pkey; Type: CONSTRAINT; Schema: public; Owner: postgres
--

ALTER TABLE ONLY public.orders
    ADD CONSTRAINT orders_pkey PRIMARY KEY (id);


--
-- Name: products products_pkey; Type: CONSTRAINT; Schema: public; Owner: postgres
--

ALTER TABLE ONLY public.products
    ADD CONSTRAINT products_pkey PRIMARY KEY (id);


--
-- Name: profiles profiles_pkey; Type: CONSTRAINT; Schema: public; Owner: postgres
--

ALTER TABLE ONLY public.profiles
    ADD CONSTRAINT profiles_pkey PRIMARY KEY (id);


--
-- Name: profiles profiles_username_unique; Type: CONSTRAINT; Schema: public; Owner: postgres
--

ALTER TABLE ONLY public.profiles
    ADD CONSTRAINT profiles_username_unique UNIQUE (username);


--
-- Name: users users_email_unique; Type: CONSTRAINT; Schema: public; Owner: postgres
--

ALTER TABLE ONLY public.users
    ADD CONSTRAINT users_email_unique UNIQUE (email);


--
-- Name: users users_pkey; Type: CONSTRAINT; Schema: public; Owner: postgres
--

ALTER TABLE ONLY public.users
    ADD CONSTRAINT users_pkey PRIMARY KEY (id);


--
-- Name: cart_products cart_products_cart_id_foreign; Type: FK CONSTRAINT; Schema: public; Owner: postgres
--

ALTER TABLE ONLY public.cart_products
    ADD CONSTRAINT cart_products_cart_id_foreign FOREIGN KEY (cart_id) REFERENCES public.carts(id) ON DELETE CASCADE;


--
-- Name: cart_products cart_products_product_id_foreign; Type: FK CONSTRAINT; Schema: public; Owner: postgres
--

ALTER TABLE ONLY public.cart_products
    ADD CONSTRAINT cart_products_product_id_foreign FOREIGN KEY (product_id) REFERENCES public.products(id) ON DELETE CASCADE;


--
-- Name: carts carts_user_id_foreign; Type: FK CONSTRAINT; Schema: public; Owner: postgres
--

ALTER TABLE ONLY public.carts
    ADD CONSTRAINT carts_user_id_foreign FOREIGN KEY (user_id) REFERENCES public.users(id) ON DELETE CASCADE;


--
-- Name: collections collections_category_id_foreign; Type: FK CONSTRAINT; Schema: public; Owner: postgres
--

ALTER TABLE ONLY public.collections
    ADD CONSTRAINT collections_category_id_foreign FOREIGN KEY (category_id) REFERENCES public.categories(id) ON DELETE CASCADE;


--
-- Name: collections collections_created_by_user_id_foreign; Type: FK CONSTRAINT; Schema: public; Owner: postgres
--

ALTER TABLE ONLY public.collections
    ADD CONSTRAINT collections_created_by_user_id_foreign FOREIGN KEY (created_by_user_id) REFERENCES public.users(id) ON DELETE CASCADE;


--
-- Name: collections collections_profile_id_foreign; Type: FK CONSTRAINT; Schema: public; Owner: postgres
--

ALTER TABLE ONLY public.collections
    ADD CONSTRAINT collections_profile_id_foreign FOREIGN KEY (profile_id) REFERENCES public.profiles(id) ON DELETE CASCADE;


--
-- Name: order_details order_details_order_id_foreign; Type: FK CONSTRAINT; Schema: public; Owner: postgres
--

ALTER TABLE ONLY public.order_details
    ADD CONSTRAINT order_details_order_id_foreign FOREIGN KEY (order_id) REFERENCES public.orders(id) ON DELETE CASCADE;


--
-- Name: order_details order_details_product_id_foreign; Type: FK CONSTRAINT; Schema: public; Owner: postgres
--

ALTER TABLE ONLY public.order_details
    ADD CONSTRAINT order_details_product_id_foreign FOREIGN KEY (product_id) REFERENCES public.products(id) ON DELETE CASCADE;


--
-- Name: orders orders_user_id_foreign; Type: FK CONSTRAINT; Schema: public; Owner: postgres
--

ALTER TABLE ONLY public.orders
    ADD CONSTRAINT orders_user_id_foreign FOREIGN KEY (user_id) REFERENCES public.users(id) ON DELETE CASCADE;


--
-- Name: products products_collection_id_foreign; Type: FK CONSTRAINT; Schema: public; Owner: postgres
--

ALTER TABLE ONLY public.products
    ADD CONSTRAINT products_collection_id_foreign FOREIGN KEY (collection_id) REFERENCES public.collections(id) ON DELETE CASCADE;


--
-- Name: products products_owner_by_user_id_foreign; Type: FK CONSTRAINT; Schema: public; Owner: postgres
--

ALTER TABLE ONLY public.products
    ADD CONSTRAINT products_owner_by_user_id_foreign FOREIGN KEY (owner_by_user_id) REFERENCES public.users(id) ON DELETE CASCADE;


--
-- Name: profiles profiles_user_id_foreign; Type: FK CONSTRAINT; Schema: public; Owner: postgres
--

ALTER TABLE ONLY public.profiles
    ADD CONSTRAINT profiles_user_id_foreign FOREIGN KEY (user_id) REFERENCES public.users(id) ON DELETE CASCADE;


--
-- PostgreSQL database dump complete
--

